cohort	method	seed	access	run_name	command
KIRP	ABMIL	42	public	mil_kirp_abmil_s42	python -u slide_level_srp/train_survival.py --run_name mil_kirp_abmil_s42 --cohort KIRP --endpoint OS --split_mode global_seed_holdout --global_seed 42 --seed 42 --neighbor_shuffle_seed 42 --n_folds 5 --variant abmil --out_dir ${GATEDSRP_MIL_OUT:-runs/mil_models} --wandb_mode ${WANDB_MODE:-disabled} --epochs ${EPOCHS_TCGA_SURVIVAL:-20} --grad_accum ${GRAD_ACCUM_TCGA_SURVIVAL:-1} --base_lr ${LR_TCGA_SURVIVAL:-1e-4} --weight_decay ${WD_TCGA_SURVIVAL:-1e-5} --feature_root ${TCGA_FEATURE_ROOT:?set TCGA_FEATURE_ROOT} --feature_key ${TCGA_FEATURE_KEY:-features/uni_v2} --label_csv ${TCGA_SURVIVAL_LABEL_CSV:?set TCGA_SURVIVAL_LABEL_CSV}
KIRP	ABMIL	43	public	mil_kirp_abmil_s43	python -u slide_level_srp/train_survival.py --run_name mil_kirp_abmil_s43 --cohort KIRP --endpoint OS --split_mode global_seed_holdout --global_seed 43 --seed 43 --neighbor_shuffle_seed 43 --n_folds 5 --variant abmil --out_dir ${GATEDSRP_MIL_OUT:-runs/mil_models} --wandb_mode ${WANDB_MODE:-disabled} --epochs ${EPOCHS_TCGA_SURVIVAL:-20} --grad_accum ${GRAD_ACCUM_TCGA_SURVIVAL:-1} --base_lr ${LR_TCGA_SURVIVAL:-1e-4} --weight_decay ${WD_TCGA_SURVIVAL:-1e-5} --feature_root ${TCGA_FEATURE_ROOT:?set TCGA_FEATURE_ROOT} --feature_key ${TCGA_FEATURE_KEY:-features/uni_v2} --label_csv ${TCGA_SURVIVAL_LABEL_CSV:?set TCGA_SURVIVAL_LABEL_CSV}
KIRP	ABMIL	44	public	mil_kirp_abmil_s44	python -u slide_level_srp/train_survival.py --run_name mil_kirp_abmil_s44 --cohort KIRP --endpoint OS --split_mode global_seed_holdout --global_seed 44 --seed 44 --neighbor_shuffle_seed 44 --n_folds 5 --variant abmil --out_dir ${GATEDSRP_MIL_OUT:-runs/mil_models} --wandb_mode ${WANDB_MODE:-disabled} --epochs ${EPOCHS_TCGA_SURVIVAL:-20} --grad_accum ${GRAD_ACCUM_TCGA_SURVIVAL:-1} --base_lr ${LR_TCGA_SURVIVAL:-1e-4} --weight_decay ${WD_TCGA_SURVIVAL:-1e-5} --feature_root ${TCGA_FEATURE_ROOT:?set TCGA_FEATURE_ROOT} --feature_key ${TCGA_FEATURE_KEY:-features/uni_v2} --label_csv ${TCGA_SURVIVAL_LABEL_CSV:?set TCGA_SURVIVAL_LABEL_CSV}
KIRP	ABMIL	45	public	mil_kirp_abmil_s45	python -u slide_level_srp/train_survival.py --run_name mil_kirp_abmil_s45 --cohort KIRP --endpoint OS --split_mode global_seed_holdout --global_seed 45 --seed 45 --neighbor_shuffle_seed 45 --n_folds 5 --variant abmil --out_dir ${GATEDSRP_MIL_OUT:-runs/mil_models} --wandb_mode ${WANDB_MODE:-disabled} --epochs ${EPOCHS_TCGA_SURVIVAL:-20} --grad_accum ${GRAD_ACCUM_TCGA_SURVIVAL:-1} --base_lr ${LR_TCGA_SURVIVAL:-1e-4} --weight_decay ${WD_TCGA_SURVIVAL:-1e-5} --feature_root ${TCGA_FEATURE_ROOT:?set TCGA_FEATURE_ROOT} --feature_key ${TCGA_FEATURE_KEY:-features/uni_v2} --label_csv ${TCGA_SURVIVAL_LABEL_CSV:?set TCGA_SURVIVAL_LABEL_CSV}
KIRP	ABMIL	46	public	mil_kirp_abmil_s46	python -u slide_level_srp/train_survival.py --run_name mil_kirp_abmil_s46 --cohort KIRP --endpoint OS --split_mode global_seed_holdout --global_seed 46 --seed 46 --neighbor_shuffle_seed 46 --n_folds 5 --variant abmil --out_dir ${GATEDSRP_MIL_OUT:-runs/mil_models} --wandb_mode ${WANDB_MODE:-disabled} --epochs ${EPOCHS_TCGA_SURVIVAL:-20} --grad_accum ${GRAD_ACCUM_TCGA_SURVIVAL:-1} --base_lr ${LR_TCGA_SURVIVAL:-1e-4} --weight_decay ${WD_TCGA_SURVIVAL:-1e-5} --feature_root ${TCGA_FEATURE_ROOT:?set TCGA_FEATURE_ROOT} --feature_key ${TCGA_FEATURE_KEY:-features/uni_v2} --label_csv ${TCGA_SURVIVAL_LABEL_CSV:?set TCGA_SURVIVAL_LABEL_CSV}
KIRP	DSMIL	42	public	mil_kirp_dsmil_s42	python -u slide_level_srp/train_survival.py --run_name mil_kirp_dsmil_s42 --cohort KIRP --endpoint OS --split_mode global_seed_holdout --global_seed 42 --seed 42 --neighbor_shuffle_seed 42 --n_folds 5 --variant dsmil --out_dir ${GATEDSRP_MIL_OUT:-runs/mil_models} --wandb_mode ${WANDB_MODE:-disabled} --epochs ${EPOCHS_TCGA_SURVIVAL:-20} --grad_accum ${GRAD_ACCUM_TCGA_SURVIVAL:-1} --base_lr ${LR_TCGA_SURVIVAL:-1e-4} --weight_decay ${WD_TCGA_SURVIVAL:-1e-5} --feature_root ${TCGA_FEATURE_ROOT:?set TCGA_FEATURE_ROOT} --feature_key ${TCGA_FEATURE_KEY:-features/uni_v2} --label_csv ${TCGA_SURVIVAL_LABEL_CSV:?set TCGA_SURVIVAL_LABEL_CSV}
KIRP	DSMIL	43	public	mil_kirp_dsmil_s43	python -u slide_level_srp/train_survival.py --run_name mil_kirp_dsmil_s43 --cohort KIRP --endpoint OS --split_mode global_seed_holdout --global_seed 43 --seed 43 --neighbor_shuffle_seed 43 --n_folds 5 --variant dsmil --out_dir ${GATEDSRP_MIL_OUT:-runs/mil_models} --wandb_mode ${WANDB_MODE:-disabled} --epochs ${EPOCHS_TCGA_SURVIVAL:-20} --grad_accum ${GRAD_ACCUM_TCGA_SURVIVAL:-1} --base_lr ${LR_TCGA_SURVIVAL:-1e-4} --weight_decay ${WD_TCGA_SURVIVAL:-1e-5} --feature_root ${TCGA_FEATURE_ROOT:?set TCGA_FEATURE_ROOT} --feature_key ${TCGA_FEATURE_KEY:-features/uni_v2} --label_csv ${TCGA_SURVIVAL_LABEL_CSV:?set TCGA_SURVIVAL_LABEL_CSV}
KIRP	DSMIL	44	public	mil_kirp_dsmil_s44	python -u slide_level_srp/train_survival.py --run_name mil_kirp_dsmil_s44 --cohort KIRP --endpoint OS --split_mode global_seed_holdout --global_seed 44 --seed 44 --neighbor_shuffle_seed 44 --n_folds 5 --variant dsmil --out_dir ${GATEDSRP_MIL_OUT:-runs/mil_models} --wandb_mode ${WANDB_MODE:-disabled} --epochs ${EPOCHS_TCGA_SURVIVAL:-20} --grad_accum ${GRAD_ACCUM_TCGA_SURVIVAL:-1} --base_lr ${LR_TCGA_SURVIVAL:-1e-4} --weight_decay ${WD_TCGA_SURVIVAL:-1e-5} --feature_root ${TCGA_FEATURE_ROOT:?set TCGA_FEATURE_ROOT} --feature_key ${TCGA_FEATURE_KEY:-features/uni_v2} --label_csv ${TCGA_SURVIVAL_LABEL_CSV:?set TCGA_SURVIVAL_LABEL_CSV}
KIRP	DSMIL	45	public	mil_kirp_dsmil_s45	python -u slide_level_srp/train_survival.py --run_name mil_kirp_dsmil_s45 --cohort KIRP --endpoint OS --split_mode global_seed_holdout --global_seed 45 --seed 45 --neighbor_shuffle_seed 45 --n_folds 5 --variant dsmil --out_dir ${GATEDSRP_MIL_OUT:-runs/mil_models} --wandb_mode ${WANDB_MODE:-disabled} --epochs ${EPOCHS_TCGA_SURVIVAL:-20} --grad_accum ${GRAD_ACCUM_TCGA_SURVIVAL:-1} --base_lr ${LR_TCGA_SURVIVAL:-1e-4} --weight_decay ${WD_TCGA_SURVIVAL:-1e-5} --feature_root ${TCGA_FEATURE_ROOT:?set TCGA_FEATURE_ROOT} --feature_key ${TCGA_FEATURE_KEY:-features/uni_v2} --label_csv ${TCGA_SURVIVAL_LABEL_CSV:?set TCGA_SURVIVAL_LABEL_CSV}
KIRP	DSMIL	46	public	mil_kirp_dsmil_s46	python -u slide_level_srp/train_survival.py --run_name mil_kirp_dsmil_s46 --cohort KIRP --endpoint OS --split_mode global_seed_holdout --global_seed 46 --seed 46 --neighbor_shuffle_seed 46 --n_folds 5 --variant dsmil --out_dir ${GATEDSRP_MIL_OUT:-runs/mil_models} --wandb_mode ${WANDB_MODE:-disabled} --epochs ${EPOCHS_TCGA_SURVIVAL:-20} --grad_accum ${GRAD_ACCUM_TCGA_SURVIVAL:-1} --base_lr ${LR_TCGA_SURVIVAL:-1e-4} --weight_decay ${WD_TCGA_SURVIVAL:-1e-5} --feature_root ${TCGA_FEATURE_ROOT:?set TCGA_FEATURE_ROOT} --feature_key ${TCGA_FEATURE_KEY:-features/uni_v2} --label_csv ${TCGA_SURVIVAL_LABEL_CSV:?set TCGA_SURVIVAL_LABEL_CSV}
KIRP	Official TransMIL	42	public	mil_kirp_official_transmil_s42	python -u slide_level_srp/train_survival.py --run_name mil_kirp_official_transmil_s42 --cohort KIRP --endpoint OS --split_mode global_seed_holdout --global_seed 42 --seed 42 --neighbor_shuffle_seed 42 --n_folds 5 --variant official_transmil --out_dir ${GATEDSRP_MIL_OUT:-runs/mil_models} --wandb_mode ${WANDB_MODE:-disabled} --epochs ${EPOCHS_TCGA_SURVIVAL:-20} --grad_accum ${GRAD_ACCUM_TCGA_SURVIVAL:-1} --base_lr ${LR_TCGA_SURVIVAL:-1e-4} --weight_decay ${WD_TCGA_SURVIVAL:-1e-5} --feature_root ${TCGA_FEATURE_ROOT:?set TCGA_FEATURE_ROOT} --feature_key ${TCGA_FEATURE_KEY:-features/uni_v2} --label_csv ${TCGA_SURVIVAL_LABEL_CSV:?set TCGA_SURVIVAL_LABEL_CSV}
KIRP	Official TransMIL	43	public	mil_kirp_official_transmil_s43	python -u slide_level_srp/train_survival.py --run_name mil_kirp_official_transmil_s43 --cohort KIRP --endpoint OS --split_mode global_seed_holdout --global_seed 43 --seed 43 --neighbor_shuffle_seed 43 --n_folds 5 --variant official_transmil --out_dir ${GATEDSRP_MIL_OUT:-runs/mil_models} --wandb_mode ${WANDB_MODE:-disabled} --epochs ${EPOCHS_TCGA_SURVIVAL:-20} --grad_accum ${GRAD_ACCUM_TCGA_SURVIVAL:-1} --base_lr ${LR_TCGA_SURVIVAL:-1e-4} --weight_decay ${WD_TCGA_SURVIVAL:-1e-5} --feature_root ${TCGA_FEATURE_ROOT:?set TCGA_FEATURE_ROOT} --feature_key ${TCGA_FEATURE_KEY:-features/uni_v2} --label_csv ${TCGA_SURVIVAL_LABEL_CSV:?set TCGA_SURVIVAL_LABEL_CSV}
KIRP	Official TransMIL	44	public	mil_kirp_official_transmil_s44	python -u slide_level_srp/train_survival.py --run_name mil_kirp_official_transmil_s44 --cohort KIRP --endpoint OS --split_mode global_seed_holdout --global_seed 44 --seed 44 --neighbor_shuffle_seed 44 --n_folds 5 --variant official_transmil --out_dir ${GATEDSRP_MIL_OUT:-runs/mil_models} --wandb_mode ${WANDB_MODE:-disabled} --epochs ${EPOCHS_TCGA_SURVIVAL:-20} --grad_accum ${GRAD_ACCUM_TCGA_SURVIVAL:-1} --base_lr ${LR_TCGA_SURVIVAL:-1e-4} --weight_decay ${WD_TCGA_SURVIVAL:-1e-5} --feature_root ${TCGA_FEATURE_ROOT:?set TCGA_FEATURE_ROOT} --feature_key ${TCGA_FEATURE_KEY:-features/uni_v2} --label_csv ${TCGA_SURVIVAL_LABEL_CSV:?set TCGA_SURVIVAL_LABEL_CSV}
KIRP	Official TransMIL	45	public	mil_kirp_official_transmil_s45	python -u slide_level_srp/train_survival.py --run_name mil_kirp_official_transmil_s45 --cohort KIRP --endpoint OS --split_mode global_seed_holdout --global_seed 45 --seed 45 --neighbor_shuffle_seed 45 --n_folds 5 --variant official_transmil --out_dir ${GATEDSRP_MIL_OUT:-runs/mil_models} --wandb_mode ${WANDB_MODE:-disabled} --epochs ${EPOCHS_TCGA_SURVIVAL:-20} --grad_accum ${GRAD_ACCUM_TCGA_SURVIVAL:-1} --base_lr ${LR_TCGA_SURVIVAL:-1e-4} --weight_decay ${WD_TCGA_SURVIVAL:-1e-5} --feature_root ${TCGA_FEATURE_ROOT:?set TCGA_FEATURE_ROOT} --feature_key ${TCGA_FEATURE_KEY:-features/uni_v2} --label_csv ${TCGA_SURVIVAL_LABEL_CSV:?set TCGA_SURVIVAL_LABEL_CSV}
KIRP	Official TransMIL	46	public	mil_kirp_official_transmil_s46	python -u slide_level_srp/train_survival.py --run_name mil_kirp_official_transmil_s46 --cohort KIRP --endpoint OS --split_mode global_seed_holdout --global_seed 46 --seed 46 --neighbor_shuffle_seed 46 --n_folds 5 --variant official_transmil --out_dir ${GATEDSRP_MIL_OUT:-runs/mil_models} --wandb_mode ${WANDB_MODE:-disabled} --epochs ${EPOCHS_TCGA_SURVIVAL:-20} --grad_accum ${GRAD_ACCUM_TCGA_SURVIVAL:-1} --base_lr ${LR_TCGA_SURVIVAL:-1e-4} --weight_decay ${WD_TCGA_SURVIVAL:-1e-5} --feature_root ${TCGA_FEATURE_ROOT:?set TCGA_FEATURE_ROOT} --feature_key ${TCGA_FEATURE_KEY:-features/uni_v2} --label_csv ${TCGA_SURVIVAL_LABEL_CSV:?set TCGA_SURVIVAL_LABEL_CSV}
LUAD	ABMIL	42	public	mil_luad_abmil_s42	python -u slide_level_srp/train_survival.py --run_name mil_luad_abmil_s42 --cohort LUAD --endpoint OS --split_mode global_seed_holdout --global_seed 42 --seed 42 --neighbor_shuffle_seed 42 --n_folds 5 --variant abmil --out_dir ${GATEDSRP_MIL_OUT:-runs/mil_models} --wandb_mode ${WANDB_MODE:-disabled} --epochs ${EPOCHS_TCGA_SURVIVAL:-20} --grad_accum ${GRAD_ACCUM_TCGA_SURVIVAL:-1} --base_lr ${LR_TCGA_SURVIVAL:-1e-4} --weight_decay ${WD_TCGA_SURVIVAL:-1e-5} --feature_root ${TCGA_FEATURE_ROOT:?set TCGA_FEATURE_ROOT} --feature_key ${TCGA_FEATURE_KEY:-features/uni_v2} --label_csv ${TCGA_SURVIVAL_LABEL_CSV:?set TCGA_SURVIVAL_LABEL_CSV}
LUAD	ABMIL	43	public	mil_luad_abmil_s43	python -u slide_level_srp/train_survival.py --run_name mil_luad_abmil_s43 --cohort LUAD --endpoint OS --split_mode global_seed_holdout --global_seed 43 --seed 43 --neighbor_shuffle_seed 43 --n_folds 5 --variant abmil --out_dir ${GATEDSRP_MIL_OUT:-runs/mil_models} --wandb_mode ${WANDB_MODE:-disabled} --epochs ${EPOCHS_TCGA_SURVIVAL:-20} --grad_accum ${GRAD_ACCUM_TCGA_SURVIVAL:-1} --base_lr ${LR_TCGA_SURVIVAL:-1e-4} --weight_decay ${WD_TCGA_SURVIVAL:-1e-5} --feature_root ${TCGA_FEATURE_ROOT:?set TCGA_FEATURE_ROOT} --feature_key ${TCGA_FEATURE_KEY:-features/uni_v2} --label_csv ${TCGA_SURVIVAL_LABEL_CSV:?set TCGA_SURVIVAL_LABEL_CSV}
LUAD	ABMIL	44	public	mil_luad_abmil_s44	python -u slide_level_srp/train_survival.py --run_name mil_luad_abmil_s44 --cohort LUAD --endpoint OS --split_mode global_seed_holdout --global_seed 44 --seed 44 --neighbor_shuffle_seed 44 --n_folds 5 --variant abmil --out_dir ${GATEDSRP_MIL_OUT:-runs/mil_models} --wandb_mode ${WANDB_MODE:-disabled} --epochs ${EPOCHS_TCGA_SURVIVAL:-20} --grad_accum ${GRAD_ACCUM_TCGA_SURVIVAL:-1} --base_lr ${LR_TCGA_SURVIVAL:-1e-4} --weight_decay ${WD_TCGA_SURVIVAL:-1e-5} --feature_root ${TCGA_FEATURE_ROOT:?set TCGA_FEATURE_ROOT} --feature_key ${TCGA_FEATURE_KEY:-features/uni_v2} --label_csv ${TCGA_SURVIVAL_LABEL_CSV:?set TCGA_SURVIVAL_LABEL_CSV}
LUAD	ABMIL	45	public	mil_luad_abmil_s45	python -u slide_level_srp/train_survival.py --run_name mil_luad_abmil_s45 --cohort LUAD --endpoint OS --split_mode global_seed_holdout --global_seed 45 --seed 45 --neighbor_shuffle_seed 45 --n_folds 5 --variant abmil --out_dir ${GATEDSRP_MIL_OUT:-runs/mil_models} --wandb_mode ${WANDB_MODE:-disabled} --epochs ${EPOCHS_TCGA_SURVIVAL:-20} --grad_accum ${GRAD_ACCUM_TCGA_SURVIVAL:-1} --base_lr ${LR_TCGA_SURVIVAL:-1e-4} --weight_decay ${WD_TCGA_SURVIVAL:-1e-5} --feature_root ${TCGA_FEATURE_ROOT:?set TCGA_FEATURE_ROOT} --feature_key ${TCGA_FEATURE_KEY:-features/uni_v2} --label_csv ${TCGA_SURVIVAL_LABEL_CSV:?set TCGA_SURVIVAL_LABEL_CSV}
LUAD	ABMIL	46	public	mil_luad_abmil_s46	python -u slide_level_srp/train_survival.py --run_name mil_luad_abmil_s46 --cohort LUAD --endpoint OS --split_mode global_seed_holdout --global_seed 46 --seed 46 --neighbor_shuffle_seed 46 --n_folds 5 --variant abmil --out_dir ${GATEDSRP_MIL_OUT:-runs/mil_models} --wandb_mode ${WANDB_MODE:-disabled} --epochs ${EPOCHS_TCGA_SURVIVAL:-20} --grad_accum ${GRAD_ACCUM_TCGA_SURVIVAL:-1} --base_lr ${LR_TCGA_SURVIVAL:-1e-4} --weight_decay ${WD_TCGA_SURVIVAL:-1e-5} --feature_root ${TCGA_FEATURE_ROOT:?set TCGA_FEATURE_ROOT} --feature_key ${TCGA_FEATURE_KEY:-features/uni_v2} --label_csv ${TCGA_SURVIVAL_LABEL_CSV:?set TCGA_SURVIVAL_LABEL_CSV}
LUAD	DSMIL	42	public	mil_luad_dsmil_s42	python -u slide_level_srp/train_survival.py --run_name mil_luad_dsmil_s42 --cohort LUAD --endpoint OS --split_mode global_seed_holdout --global_seed 42 --seed 42 --neighbor_shuffle_seed 42 --n_folds 5 --variant dsmil --out_dir ${GATEDSRP_MIL_OUT:-runs/mil_models} --wandb_mode ${WANDB_MODE:-disabled} --epochs ${EPOCHS_TCGA_SURVIVAL:-20} --grad_accum ${GRAD_ACCUM_TCGA_SURVIVAL:-1} --base_lr ${LR_TCGA_SURVIVAL:-1e-4} --weight_decay ${WD_TCGA_SURVIVAL:-1e-5} --feature_root ${TCGA_FEATURE_ROOT:?set TCGA_FEATURE_ROOT} --feature_key ${TCGA_FEATURE_KEY:-features/uni_v2} --label_csv ${TCGA_SURVIVAL_LABEL_CSV:?set TCGA_SURVIVAL_LABEL_CSV}
LUAD	DSMIL	43	public	mil_luad_dsmil_s43	python -u slide_level_srp/train_survival.py --run_name mil_luad_dsmil_s43 --cohort LUAD --endpoint OS --split_mode global_seed_holdout --global_seed 43 --seed 43 --neighbor_shuffle_seed 43 --n_folds 5 --variant dsmil --out_dir ${GATEDSRP_MIL_OUT:-runs/mil_models} --wandb_mode ${WANDB_MODE:-disabled} --epochs ${EPOCHS_TCGA_SURVIVAL:-20} --grad_accum ${GRAD_ACCUM_TCGA_SURVIVAL:-1} --base_lr ${LR_TCGA_SURVIVAL:-1e-4} --weight_decay ${WD_TCGA_SURVIVAL:-1e-5} --feature_root ${TCGA_FEATURE_ROOT:?set TCGA_FEATURE_ROOT} --feature_key ${TCGA_FEATURE_KEY:-features/uni_v2} --label_csv ${TCGA_SURVIVAL_LABEL_CSV:?set TCGA_SURVIVAL_LABEL_CSV}
LUAD	DSMIL	44	public	mil_luad_dsmil_s44	python -u slide_level_srp/train_survival.py --run_name mil_luad_dsmil_s44 --cohort LUAD --endpoint OS --split_mode global_seed_holdout --global_seed 44 --seed 44 --neighbor_shuffle_seed 44 --n_folds 5 --variant dsmil --out_dir ${GATEDSRP_MIL_OUT:-runs/mil_models} --wandb_mode ${WANDB_MODE:-disabled} --epochs ${EPOCHS_TCGA_SURVIVAL:-20} --grad_accum ${GRAD_ACCUM_TCGA_SURVIVAL:-1} --base_lr ${LR_TCGA_SURVIVAL:-1e-4} --weight_decay ${WD_TCGA_SURVIVAL:-1e-5} --feature_root ${TCGA_FEATURE_ROOT:?set TCGA_FEATURE_ROOT} --feature_key ${TCGA_FEATURE_KEY:-features/uni_v2} --label_csv ${TCGA_SURVIVAL_LABEL_CSV:?set TCGA_SURVIVAL_LABEL_CSV}
LUAD	DSMIL	45	public	mil_luad_dsmil_s45	python -u slide_level_srp/train_survival.py --run_name mil_luad_dsmil_s45 --cohort LUAD --endpoint OS --split_mode global_seed_holdout --global_seed 45 --seed 45 --neighbor_shuffle_seed 45 --n_folds 5 --variant dsmil --out_dir ${GATEDSRP_MIL_OUT:-runs/mil_models} --wandb_mode ${WANDB_MODE:-disabled} --epochs ${EPOCHS_TCGA_SURVIVAL:-20} --grad_accum ${GRAD_ACCUM_TCGA_SURVIVAL:-1} --base_lr ${LR_TCGA_SURVIVAL:-1e-4} --weight_decay ${WD_TCGA_SURVIVAL:-1e-5} --feature_root ${TCGA_FEATURE_ROOT:?set TCGA_FEATURE_ROOT} --feature_key ${TCGA_FEATURE_KEY:-features/uni_v2} --label_csv ${TCGA_SURVIVAL_LABEL_CSV:?set TCGA_SURVIVAL_LABEL_CSV}
LUAD	DSMIL	46	public	mil_luad_dsmil_s46	python -u slide_level_srp/train_survival.py --run_name mil_luad_dsmil_s46 --cohort LUAD --endpoint OS --split_mode global_seed_holdout --global_seed 46 --seed 46 --neighbor_shuffle_seed 46 --n_folds 5 --variant dsmil --out_dir ${GATEDSRP_MIL_OUT:-runs/mil_models} --wandb_mode ${WANDB_MODE:-disabled} --epochs ${EPOCHS_TCGA_SURVIVAL:-20} --grad_accum ${GRAD_ACCUM_TCGA_SURVIVAL:-1} --base_lr ${LR_TCGA_SURVIVAL:-1e-4} --weight_decay ${WD_TCGA_SURVIVAL:-1e-5} --feature_root ${TCGA_FEATURE_ROOT:?set TCGA_FEATURE_ROOT} --feature_key ${TCGA_FEATURE_KEY:-features/uni_v2} --label_csv ${TCGA_SURVIVAL_LABEL_CSV:?set TCGA_SURVIVAL_LABEL_CSV}
LUAD	Official TransMIL	42	public	mil_luad_official_transmil_s42	python -u slide_level_srp/train_survival.py --run_name mil_luad_official_transmil_s42 --cohort LUAD --endpoint OS --split_mode global_seed_holdout --global_seed 42 --seed 42 --neighbor_shuffle_seed 42 --n_folds 5 --variant official_transmil --out_dir ${GATEDSRP_MIL_OUT:-runs/mil_models} --wandb_mode ${WANDB_MODE:-disabled} --epochs ${EPOCHS_TCGA_SURVIVAL:-20} --grad_accum ${GRAD_ACCUM_TCGA_SURVIVAL:-1} --base_lr ${LR_TCGA_SURVIVAL:-1e-4} --weight_decay ${WD_TCGA_SURVIVAL:-1e-5} --feature_root ${TCGA_FEATURE_ROOT:?set TCGA_FEATURE_ROOT} --feature_key ${TCGA_FEATURE_KEY:-features/uni_v2} --label_csv ${TCGA_SURVIVAL_LABEL_CSV:?set TCGA_SURVIVAL_LABEL_CSV}
LUAD	Official TransMIL	43	public	mil_luad_official_transmil_s43	python -u slide_level_srp/train_survival.py --run_name mil_luad_official_transmil_s43 --cohort LUAD --endpoint OS --split_mode global_seed_holdout --global_seed 43 --seed 43 --neighbor_shuffle_seed 43 --n_folds 5 --variant official_transmil --out_dir ${GATEDSRP_MIL_OUT:-runs/mil_models} --wandb_mode ${WANDB_MODE:-disabled} --epochs ${EPOCHS_TCGA_SURVIVAL:-20} --grad_accum ${GRAD_ACCUM_TCGA_SURVIVAL:-1} --base_lr ${LR_TCGA_SURVIVAL:-1e-4} --weight_decay ${WD_TCGA_SURVIVAL:-1e-5} --feature_root ${TCGA_FEATURE_ROOT:?set TCGA_FEATURE_ROOT} --feature_key ${TCGA_FEATURE_KEY:-features/uni_v2} --label_csv ${TCGA_SURVIVAL_LABEL_CSV:?set TCGA_SURVIVAL_LABEL_CSV}
LUAD	Official TransMIL	44	public	mil_luad_official_transmil_s44	python -u slide_level_srp/train_survival.py --run_name mil_luad_official_transmil_s44 --cohort LUAD --endpoint OS --split_mode global_seed_holdout --global_seed 44 --seed 44 --neighbor_shuffle_seed 44 --n_folds 5 --variant official_transmil --out_dir ${GATEDSRP_MIL_OUT:-runs/mil_models} --wandb_mode ${WANDB_MODE:-disabled} --epochs ${EPOCHS_TCGA_SURVIVAL:-20} --grad_accum ${GRAD_ACCUM_TCGA_SURVIVAL:-1} --base_lr ${LR_TCGA_SURVIVAL:-1e-4} --weight_decay ${WD_TCGA_SURVIVAL:-1e-5} --feature_root ${TCGA_FEATURE_ROOT:?set TCGA_FEATURE_ROOT} --feature_key ${TCGA_FEATURE_KEY:-features/uni_v2} --label_csv ${TCGA_SURVIVAL_LABEL_CSV:?set TCGA_SURVIVAL_LABEL_CSV}
LUAD	Official TransMIL	45	public	mil_luad_official_transmil_s45	python -u slide_level_srp/train_survival.py --run_name mil_luad_official_transmil_s45 --cohort LUAD --endpoint OS --split_mode global_seed_holdout --global_seed 45 --seed 45 --neighbor_shuffle_seed 45 --n_folds 5 --variant official_transmil --out_dir ${GATEDSRP_MIL_OUT:-runs/mil_models} --wandb_mode ${WANDB_MODE:-disabled} --epochs ${EPOCHS_TCGA_SURVIVAL:-20} --grad_accum ${GRAD_ACCUM_TCGA_SURVIVAL:-1} --base_lr ${LR_TCGA_SURVIVAL:-1e-4} --weight_decay ${WD_TCGA_SURVIVAL:-1e-5} --feature_root ${TCGA_FEATURE_ROOT:?set TCGA_FEATURE_ROOT} --feature_key ${TCGA_FEATURE_KEY:-features/uni_v2} --label_csv ${TCGA_SURVIVAL_LABEL_CSV:?set TCGA_SURVIVAL_LABEL_CSV}
LUAD	Official TransMIL	46	public	mil_luad_official_transmil_s46	python -u slide_level_srp/train_survival.py --run_name mil_luad_official_transmil_s46 --cohort LUAD --endpoint OS --split_mode global_seed_holdout --global_seed 46 --seed 46 --neighbor_shuffle_seed 46 --n_folds 5 --variant official_transmil --out_dir ${GATEDSRP_MIL_OUT:-runs/mil_models} --wandb_mode ${WANDB_MODE:-disabled} --epochs ${EPOCHS_TCGA_SURVIVAL:-20} --grad_accum ${GRAD_ACCUM_TCGA_SURVIVAL:-1} --base_lr ${LR_TCGA_SURVIVAL:-1e-4} --weight_decay ${WD_TCGA_SURVIVAL:-1e-5} --feature_root ${TCGA_FEATURE_ROOT:?set TCGA_FEATURE_ROOT} --feature_key ${TCGA_FEATURE_KEY:-features/uni_v2} --label_csv ${TCGA_SURVIVAL_LABEL_CSV:?set TCGA_SURVIVAL_LABEL_CSV}
STAD	ABMIL	42	public	mil_stad_abmil_s42	python -u slide_level_srp/train_survival.py --run_name mil_stad_abmil_s42 --cohort STAD --endpoint OS --split_mode global_seed_holdout --global_seed 42 --seed 42 --neighbor_shuffle_seed 42 --n_folds 5 --variant abmil --out_dir ${GATEDSRP_MIL_OUT:-runs/mil_models} --wandb_mode ${WANDB_MODE:-disabled} --epochs ${EPOCHS_TCGA_SURVIVAL:-20} --grad_accum ${GRAD_ACCUM_TCGA_SURVIVAL:-1} --base_lr ${LR_TCGA_SURVIVAL:-1e-4} --weight_decay ${WD_TCGA_SURVIVAL:-1e-5} --feature_root ${TCGA_FEATURE_ROOT:?set TCGA_FEATURE_ROOT} --feature_key ${TCGA_FEATURE_KEY:-features/uni_v2} --label_csv ${TCGA_SURVIVAL_LABEL_CSV:?set TCGA_SURVIVAL_LABEL_CSV}
STAD	ABMIL	43	public	mil_stad_abmil_s43	python -u slide_level_srp/train_survival.py --run_name mil_stad_abmil_s43 --cohort STAD --endpoint OS --split_mode global_seed_holdout --global_seed 43 --seed 43 --neighbor_shuffle_seed 43 --n_folds 5 --variant abmil --out_dir ${GATEDSRP_MIL_OUT:-runs/mil_models} --wandb_mode ${WANDB_MODE:-disabled} --epochs ${EPOCHS_TCGA_SURVIVAL:-20} --grad_accum ${GRAD_ACCUM_TCGA_SURVIVAL:-1} --base_lr ${LR_TCGA_SURVIVAL:-1e-4} --weight_decay ${WD_TCGA_SURVIVAL:-1e-5} --feature_root ${TCGA_FEATURE_ROOT:?set TCGA_FEATURE_ROOT} --feature_key ${TCGA_FEATURE_KEY:-features/uni_v2} --label_csv ${TCGA_SURVIVAL_LABEL_CSV:?set TCGA_SURVIVAL_LABEL_CSV}
STAD	ABMIL	44	public	mil_stad_abmil_s44	python -u slide_level_srp/train_survival.py --run_name mil_stad_abmil_s44 --cohort STAD --endpoint OS --split_mode global_seed_holdout --global_seed 44 --seed 44 --neighbor_shuffle_seed 44 --n_folds 5 --variant abmil --out_dir ${GATEDSRP_MIL_OUT:-runs/mil_models} --wandb_mode ${WANDB_MODE:-disabled} --epochs ${EPOCHS_TCGA_SURVIVAL:-20} --grad_accum ${GRAD_ACCUM_TCGA_SURVIVAL:-1} --base_lr ${LR_TCGA_SURVIVAL:-1e-4} --weight_decay ${WD_TCGA_SURVIVAL:-1e-5} --feature_root ${TCGA_FEATURE_ROOT:?set TCGA_FEATURE_ROOT} --feature_key ${TCGA_FEATURE_KEY:-features/uni_v2} --label_csv ${TCGA_SURVIVAL_LABEL_CSV:?set TCGA_SURVIVAL_LABEL_CSV}
STAD	ABMIL	45	public	mil_stad_abmil_s45	python -u slide_level_srp/train_survival.py --run_name mil_stad_abmil_s45 --cohort STAD --endpoint OS --split_mode global_seed_holdout --global_seed 45 --seed 45 --neighbor_shuffle_seed 45 --n_folds 5 --variant abmil --out_dir ${GATEDSRP_MIL_OUT:-runs/mil_models} --wandb_mode ${WANDB_MODE:-disabled} --epochs ${EPOCHS_TCGA_SURVIVAL:-20} --grad_accum ${GRAD_ACCUM_TCGA_SURVIVAL:-1} --base_lr ${LR_TCGA_SURVIVAL:-1e-4} --weight_decay ${WD_TCGA_SURVIVAL:-1e-5} --feature_root ${TCGA_FEATURE_ROOT:?set TCGA_FEATURE_ROOT} --feature_key ${TCGA_FEATURE_KEY:-features/uni_v2} --label_csv ${TCGA_SURVIVAL_LABEL_CSV:?set TCGA_SURVIVAL_LABEL_CSV}
STAD	ABMIL	46	public	mil_stad_abmil_s46	python -u slide_level_srp/train_survival.py --run_name mil_stad_abmil_s46 --cohort STAD --endpoint OS --split_mode global_seed_holdout --global_seed 46 --seed 46 --neighbor_shuffle_seed 46 --n_folds 5 --variant abmil --out_dir ${GATEDSRP_MIL_OUT:-runs/mil_models} --wandb_mode ${WANDB_MODE:-disabled} --epochs ${EPOCHS_TCGA_SURVIVAL:-20} --grad_accum ${GRAD_ACCUM_TCGA_SURVIVAL:-1} --base_lr ${LR_TCGA_SURVIVAL:-1e-4} --weight_decay ${WD_TCGA_SURVIVAL:-1e-5} --feature_root ${TCGA_FEATURE_ROOT:?set TCGA_FEATURE_ROOT} --feature_key ${TCGA_FEATURE_KEY:-features/uni_v2} --label_csv ${TCGA_SURVIVAL_LABEL_CSV:?set TCGA_SURVIVAL_LABEL_CSV}
STAD	DSMIL	42	public	mil_stad_dsmil_s42	python -u slide_level_srp/train_survival.py --run_name mil_stad_dsmil_s42 --cohort STAD --endpoint OS --split_mode global_seed_holdout --global_seed 42 --seed 42 --neighbor_shuffle_seed 42 --n_folds 5 --variant dsmil --out_dir ${GATEDSRP_MIL_OUT:-runs/mil_models} --wandb_mode ${WANDB_MODE:-disabled} --epochs ${EPOCHS_TCGA_SURVIVAL:-20} --grad_accum ${GRAD_ACCUM_TCGA_SURVIVAL:-1} --base_lr ${LR_TCGA_SURVIVAL:-1e-4} --weight_decay ${WD_TCGA_SURVIVAL:-1e-5} --feature_root ${TCGA_FEATURE_ROOT:?set TCGA_FEATURE_ROOT} --feature_key ${TCGA_FEATURE_KEY:-features/uni_v2} --label_csv ${TCGA_SURVIVAL_LABEL_CSV:?set TCGA_SURVIVAL_LABEL_CSV}
STAD	DSMIL	43	public	mil_stad_dsmil_s43	python -u slide_level_srp/train_survival.py --run_name mil_stad_dsmil_s43 --cohort STAD --endpoint OS --split_mode global_seed_holdout --global_seed 43 --seed 43 --neighbor_shuffle_seed 43 --n_folds 5 --variant dsmil --out_dir ${GATEDSRP_MIL_OUT:-runs/mil_models} --wandb_mode ${WANDB_MODE:-disabled} --epochs ${EPOCHS_TCGA_SURVIVAL:-20} --grad_accum ${GRAD_ACCUM_TCGA_SURVIVAL:-1} --base_lr ${LR_TCGA_SURVIVAL:-1e-4} --weight_decay ${WD_TCGA_SURVIVAL:-1e-5} --feature_root ${TCGA_FEATURE_ROOT:?set TCGA_FEATURE_ROOT} --feature_key ${TCGA_FEATURE_KEY:-features/uni_v2} --label_csv ${TCGA_SURVIVAL_LABEL_CSV:?set TCGA_SURVIVAL_LABEL_CSV}
STAD	DSMIL	44	public	mil_stad_dsmil_s44	python -u slide_level_srp/train_survival.py --run_name mil_stad_dsmil_s44 --cohort STAD --endpoint OS --split_mode global_seed_holdout --global_seed 44 --seed 44 --neighbor_shuffle_seed 44 --n_folds 5 --variant dsmil --out_dir ${GATEDSRP_MIL_OUT:-runs/mil_models} --wandb_mode ${WANDB_MODE:-disabled} --epochs ${EPOCHS_TCGA_SURVIVAL:-20} --grad_accum ${GRAD_ACCUM_TCGA_SURVIVAL:-1} --base_lr ${LR_TCGA_SURVIVAL:-1e-4} --weight_decay ${WD_TCGA_SURVIVAL:-1e-5} --feature_root ${TCGA_FEATURE_ROOT:?set TCGA_FEATURE_ROOT} --feature_key ${TCGA_FEATURE_KEY:-features/uni_v2} --label_csv ${TCGA_SURVIVAL_LABEL_CSV:?set TCGA_SURVIVAL_LABEL_CSV}
STAD	DSMIL	45	public	mil_stad_dsmil_s45	python -u slide_level_srp/train_survival.py --run_name mil_stad_dsmil_s45 --cohort STAD --endpoint OS --split_mode global_seed_holdout --global_seed 45 --seed 45 --neighbor_shuffle_seed 45 --n_folds 5 --variant dsmil --out_dir ${GATEDSRP_MIL_OUT:-runs/mil_models} --wandb_mode ${WANDB_MODE:-disabled} --epochs ${EPOCHS_TCGA_SURVIVAL:-20} --grad_accum ${GRAD_ACCUM_TCGA_SURVIVAL:-1} --base_lr ${LR_TCGA_SURVIVAL:-1e-4} --weight_decay ${WD_TCGA_SURVIVAL:-1e-5} --feature_root ${TCGA_FEATURE_ROOT:?set TCGA_FEATURE_ROOT} --feature_key ${TCGA_FEATURE_KEY:-features/uni_v2} --label_csv ${TCGA_SURVIVAL_LABEL_CSV:?set TCGA_SURVIVAL_LABEL_CSV}
STAD	DSMIL	46	public	mil_stad_dsmil_s46	python -u slide_level_srp/train_survival.py --run_name mil_stad_dsmil_s46 --cohort STAD --endpoint OS --split_mode global_seed_holdout --global_seed 46 --seed 46 --neighbor_shuffle_seed 46 --n_folds 5 --variant dsmil --out_dir ${GATEDSRP_MIL_OUT:-runs/mil_models} --wandb_mode ${WANDB_MODE:-disabled} --epochs ${EPOCHS_TCGA_SURVIVAL:-20} --grad_accum ${GRAD_ACCUM_TCGA_SURVIVAL:-1} --base_lr ${LR_TCGA_SURVIVAL:-1e-4} --weight_decay ${WD_TCGA_SURVIVAL:-1e-5} --feature_root ${TCGA_FEATURE_ROOT:?set TCGA_FEATURE_ROOT} --feature_key ${TCGA_FEATURE_KEY:-features/uni_v2} --label_csv ${TCGA_SURVIVAL_LABEL_CSV:?set TCGA_SURVIVAL_LABEL_CSV}
STAD	Official TransMIL	42	public	mil_stad_official_transmil_s42	python -u slide_level_srp/train_survival.py --run_name mil_stad_official_transmil_s42 --cohort STAD --endpoint OS --split_mode global_seed_holdout --global_seed 42 --seed 42 --neighbor_shuffle_seed 42 --n_folds 5 --variant official_transmil --out_dir ${GATEDSRP_MIL_OUT:-runs/mil_models} --wandb_mode ${WANDB_MODE:-disabled} --epochs ${EPOCHS_TCGA_SURVIVAL:-20} --grad_accum ${GRAD_ACCUM_TCGA_SURVIVAL:-1} --base_lr ${LR_TCGA_SURVIVAL:-1e-4} --weight_decay ${WD_TCGA_SURVIVAL:-1e-5} --feature_root ${TCGA_FEATURE_ROOT:?set TCGA_FEATURE_ROOT} --feature_key ${TCGA_FEATURE_KEY:-features/uni_v2} --label_csv ${TCGA_SURVIVAL_LABEL_CSV:?set TCGA_SURVIVAL_LABEL_CSV}
STAD	Official TransMIL	43	public	mil_stad_official_transmil_s43	python -u slide_level_srp/train_survival.py --run_name mil_stad_official_transmil_s43 --cohort STAD --endpoint OS --split_mode global_seed_holdout --global_seed 43 --seed 43 --neighbor_shuffle_seed 43 --n_folds 5 --variant official_transmil --out_dir ${GATEDSRP_MIL_OUT:-runs/mil_models} --wandb_mode ${WANDB_MODE:-disabled} --epochs ${EPOCHS_TCGA_SURVIVAL:-20} --grad_accum ${GRAD_ACCUM_TCGA_SURVIVAL:-1} --base_lr ${LR_TCGA_SURVIVAL:-1e-4} --weight_decay ${WD_TCGA_SURVIVAL:-1e-5} --feature_root ${TCGA_FEATURE_ROOT:?set TCGA_FEATURE_ROOT} --feature_key ${TCGA_FEATURE_KEY:-features/uni_v2} --label_csv ${TCGA_SURVIVAL_LABEL_CSV:?set TCGA_SURVIVAL_LABEL_CSV}
STAD	Official TransMIL	44	public	mil_stad_official_transmil_s44	python -u slide_level_srp/train_survival.py --run_name mil_stad_official_transmil_s44 --cohort STAD --endpoint OS --split_mode global_seed_holdout --global_seed 44 --seed 44 --neighbor_shuffle_seed 44 --n_folds 5 --variant official_transmil --out_dir ${GATEDSRP_MIL_OUT:-runs/mil_models} --wandb_mode ${WANDB_MODE:-disabled} --epochs ${EPOCHS_TCGA_SURVIVAL:-20} --grad_accum ${GRAD_ACCUM_TCGA_SURVIVAL:-1} --base_lr ${LR_TCGA_SURVIVAL:-1e-4} --weight_decay ${WD_TCGA_SURVIVAL:-1e-5} --feature_root ${TCGA_FEATURE_ROOT:?set TCGA_FEATURE_ROOT} --feature_key ${TCGA_FEATURE_KEY:-features/uni_v2} --label_csv ${TCGA_SURVIVAL_LABEL_CSV:?set TCGA_SURVIVAL_LABEL_CSV}
STAD	Official TransMIL	45	public	mil_stad_official_transmil_s45	python -u slide_level_srp/train_survival.py --run_name mil_stad_official_transmil_s45 --cohort STAD --endpoint OS --split_mode global_seed_holdout --global_seed 45 --seed 45 --neighbor_shuffle_seed 45 --n_folds 5 --variant official_transmil --out_dir ${GATEDSRP_MIL_OUT:-runs/mil_models} --wandb_mode ${WANDB_MODE:-disabled} --epochs ${EPOCHS_TCGA_SURVIVAL:-20} --grad_accum ${GRAD_ACCUM_TCGA_SURVIVAL:-1} --base_lr ${LR_TCGA_SURVIVAL:-1e-4} --weight_decay ${WD_TCGA_SURVIVAL:-1e-5} --feature_root ${TCGA_FEATURE_ROOT:?set TCGA_FEATURE_ROOT} --feature_key ${TCGA_FEATURE_KEY:-features/uni_v2} --label_csv ${TCGA_SURVIVAL_LABEL_CSV:?set TCGA_SURVIVAL_LABEL_CSV}
STAD	Official TransMIL	46	public	mil_stad_official_transmil_s46	python -u slide_level_srp/train_survival.py --run_name mil_stad_official_transmil_s46 --cohort STAD --endpoint OS --split_mode global_seed_holdout --global_seed 46 --seed 46 --neighbor_shuffle_seed 46 --n_folds 5 --variant official_transmil --out_dir ${GATEDSRP_MIL_OUT:-runs/mil_models} --wandb_mode ${WANDB_MODE:-disabled} --epochs ${EPOCHS_TCGA_SURVIVAL:-20} --grad_accum ${GRAD_ACCUM_TCGA_SURVIVAL:-1} --base_lr ${LR_TCGA_SURVIVAL:-1e-4} --weight_decay ${WD_TCGA_SURVIVAL:-1e-5} --feature_root ${TCGA_FEATURE_ROOT:?set TCGA_FEATURE_ROOT} --feature_key ${TCGA_FEATURE_KEY:-features/uni_v2} --label_csv ${TCGA_SURVIVAL_LABEL_CSV:?set TCGA_SURVIVAL_LABEL_CSV}
UCEC	ABMIL	42	public	mil_ucec_abmil_s42	python -u slide_level_srp/train_survival.py --run_name mil_ucec_abmil_s42 --cohort UCEC --endpoint OS --split_mode global_seed_holdout --global_seed 42 --seed 42 --neighbor_shuffle_seed 42 --n_folds 5 --variant abmil --out_dir ${GATEDSRP_MIL_OUT:-runs/mil_models} --wandb_mode ${WANDB_MODE:-disabled} --epochs ${EPOCHS_TCGA_SURVIVAL:-20} --grad_accum ${GRAD_ACCUM_TCGA_SURVIVAL:-1} --base_lr ${LR_TCGA_SURVIVAL:-1e-4} --weight_decay ${WD_TCGA_SURVIVAL:-1e-5} --feature_root ${TCGA_FEATURE_ROOT:?set TCGA_FEATURE_ROOT} --feature_key ${TCGA_FEATURE_KEY:-features/uni_v2} --label_csv ${TCGA_SURVIVAL_LABEL_CSV:?set TCGA_SURVIVAL_LABEL_CSV}
UCEC	ABMIL	43	public	mil_ucec_abmil_s43	python -u slide_level_srp/train_survival.py --run_name mil_ucec_abmil_s43 --cohort UCEC --endpoint OS --split_mode global_seed_holdout --global_seed 43 --seed 43 --neighbor_shuffle_seed 43 --n_folds 5 --variant abmil --out_dir ${GATEDSRP_MIL_OUT:-runs/mil_models} --wandb_mode ${WANDB_MODE:-disabled} --epochs ${EPOCHS_TCGA_SURVIVAL:-20} --grad_accum ${GRAD_ACCUM_TCGA_SURVIVAL:-1} --base_lr ${LR_TCGA_SURVIVAL:-1e-4} --weight_decay ${WD_TCGA_SURVIVAL:-1e-5} --feature_root ${TCGA_FEATURE_ROOT:?set TCGA_FEATURE_ROOT} --feature_key ${TCGA_FEATURE_KEY:-features/uni_v2} --label_csv ${TCGA_SURVIVAL_LABEL_CSV:?set TCGA_SURVIVAL_LABEL_CSV}
UCEC	ABMIL	44	public	mil_ucec_abmil_s44	python -u slide_level_srp/train_survival.py --run_name mil_ucec_abmil_s44 --cohort UCEC --endpoint OS --split_mode global_seed_holdout --global_seed 44 --seed 44 --neighbor_shuffle_seed 44 --n_folds 5 --variant abmil --out_dir ${GATEDSRP_MIL_OUT:-runs/mil_models} --wandb_mode ${WANDB_MODE:-disabled} --epochs ${EPOCHS_TCGA_SURVIVAL:-20} --grad_accum ${GRAD_ACCUM_TCGA_SURVIVAL:-1} --base_lr ${LR_TCGA_SURVIVAL:-1e-4} --weight_decay ${WD_TCGA_SURVIVAL:-1e-5} --feature_root ${TCGA_FEATURE_ROOT:?set TCGA_FEATURE_ROOT} --feature_key ${TCGA_FEATURE_KEY:-features/uni_v2} --label_csv ${TCGA_SURVIVAL_LABEL_CSV:?set TCGA_SURVIVAL_LABEL_CSV}
UCEC	ABMIL	45	public	mil_ucec_abmil_s45	python -u slide_level_srp/train_survival.py --run_name mil_ucec_abmil_s45 --cohort UCEC --endpoint OS --split_mode global_seed_holdout --global_seed 45 --seed 45 --neighbor_shuffle_seed 45 --n_folds 5 --variant abmil --out_dir ${GATEDSRP_MIL_OUT:-runs/mil_models} --wandb_mode ${WANDB_MODE:-disabled} --epochs ${EPOCHS_TCGA_SURVIVAL:-20} --grad_accum ${GRAD_ACCUM_TCGA_SURVIVAL:-1} --base_lr ${LR_TCGA_SURVIVAL:-1e-4} --weight_decay ${WD_TCGA_SURVIVAL:-1e-5} --feature_root ${TCGA_FEATURE_ROOT:?set TCGA_FEATURE_ROOT} --feature_key ${TCGA_FEATURE_KEY:-features/uni_v2} --label_csv ${TCGA_SURVIVAL_LABEL_CSV:?set TCGA_SURVIVAL_LABEL_CSV}
UCEC	ABMIL	46	public	mil_ucec_abmil_s46	python -u slide_level_srp/train_survival.py --run_name mil_ucec_abmil_s46 --cohort UCEC --endpoint OS --split_mode global_seed_holdout --global_seed 46 --seed 46 --neighbor_shuffle_seed 46 --n_folds 5 --variant abmil --out_dir ${GATEDSRP_MIL_OUT:-runs/mil_models} --wandb_mode ${WANDB_MODE:-disabled} --epochs ${EPOCHS_TCGA_SURVIVAL:-20} --grad_accum ${GRAD_ACCUM_TCGA_SURVIVAL:-1} --base_lr ${LR_TCGA_SURVIVAL:-1e-4} --weight_decay ${WD_TCGA_SURVIVAL:-1e-5} --feature_root ${TCGA_FEATURE_ROOT:?set TCGA_FEATURE_ROOT} --feature_key ${TCGA_FEATURE_KEY:-features/uni_v2} --label_csv ${TCGA_SURVIVAL_LABEL_CSV:?set TCGA_SURVIVAL_LABEL_CSV}
UCEC	DSMIL	42	public	mil_ucec_dsmil_s42	python -u slide_level_srp/train_survival.py --run_name mil_ucec_dsmil_s42 --cohort UCEC --endpoint OS --split_mode global_seed_holdout --global_seed 42 --seed 42 --neighbor_shuffle_seed 42 --n_folds 5 --variant dsmil --out_dir ${GATEDSRP_MIL_OUT:-runs/mil_models} --wandb_mode ${WANDB_MODE:-disabled} --epochs ${EPOCHS_TCGA_SURVIVAL:-20} --grad_accum ${GRAD_ACCUM_TCGA_SURVIVAL:-1} --base_lr ${LR_TCGA_SURVIVAL:-1e-4} --weight_decay ${WD_TCGA_SURVIVAL:-1e-5} --feature_root ${TCGA_FEATURE_ROOT:?set TCGA_FEATURE_ROOT} --feature_key ${TCGA_FEATURE_KEY:-features/uni_v2} --label_csv ${TCGA_SURVIVAL_LABEL_CSV:?set TCGA_SURVIVAL_LABEL_CSV}
UCEC	DSMIL	43	public	mil_ucec_dsmil_s43	python -u slide_level_srp/train_survival.py --run_name mil_ucec_dsmil_s43 --cohort UCEC --endpoint OS --split_mode global_seed_holdout --global_seed 43 --seed 43 --neighbor_shuffle_seed 43 --n_folds 5 --variant dsmil --out_dir ${GATEDSRP_MIL_OUT:-runs/mil_models} --wandb_mode ${WANDB_MODE:-disabled} --epochs ${EPOCHS_TCGA_SURVIVAL:-20} --grad_accum ${GRAD_ACCUM_TCGA_SURVIVAL:-1} --base_lr ${LR_TCGA_SURVIVAL:-1e-4} --weight_decay ${WD_TCGA_SURVIVAL:-1e-5} --feature_root ${TCGA_FEATURE_ROOT:?set TCGA_FEATURE_ROOT} --feature_key ${TCGA_FEATURE_KEY:-features/uni_v2} --label_csv ${TCGA_SURVIVAL_LABEL_CSV:?set TCGA_SURVIVAL_LABEL_CSV}
UCEC	DSMIL	44	public	mil_ucec_dsmil_s44	python -u slide_level_srp/train_survival.py --run_name mil_ucec_dsmil_s44 --cohort UCEC --endpoint OS --split_mode global_seed_holdout --global_seed 44 --seed 44 --neighbor_shuffle_seed 44 --n_folds 5 --variant dsmil --out_dir ${GATEDSRP_MIL_OUT:-runs/mil_models} --wandb_mode ${WANDB_MODE:-disabled} --epochs ${EPOCHS_TCGA_SURVIVAL:-20} --grad_accum ${GRAD_ACCUM_TCGA_SURVIVAL:-1} --base_lr ${LR_TCGA_SURVIVAL:-1e-4} --weight_decay ${WD_TCGA_SURVIVAL:-1e-5} --feature_root ${TCGA_FEATURE_ROOT:?set TCGA_FEATURE_ROOT} --feature_key ${TCGA_FEATURE_KEY:-features/uni_v2} --label_csv ${TCGA_SURVIVAL_LABEL_CSV:?set TCGA_SURVIVAL_LABEL_CSV}
UCEC	DSMIL	45	public	mil_ucec_dsmil_s45	python -u slide_level_srp/train_survival.py --run_name mil_ucec_dsmil_s45 --cohort UCEC --endpoint OS --split_mode global_seed_holdout --global_seed 45 --seed 45 --neighbor_shuffle_seed 45 --n_folds 5 --variant dsmil --out_dir ${GATEDSRP_MIL_OUT:-runs/mil_models} --wandb_mode ${WANDB_MODE:-disabled} --epochs ${EPOCHS_TCGA_SURVIVAL:-20} --grad_accum ${GRAD_ACCUM_TCGA_SURVIVAL:-1} --base_lr ${LR_TCGA_SURVIVAL:-1e-4} --weight_decay ${WD_TCGA_SURVIVAL:-1e-5} --feature_root ${TCGA_FEATURE_ROOT:?set TCGA_FEATURE_ROOT} --feature_key ${TCGA_FEATURE_KEY:-features/uni_v2} --label_csv ${TCGA_SURVIVAL_LABEL_CSV:?set TCGA_SURVIVAL_LABEL_CSV}
UCEC	DSMIL	46	public	mil_ucec_dsmil_s46	python -u slide_level_srp/train_survival.py --run_name mil_ucec_dsmil_s46 --cohort UCEC --endpoint OS --split_mode global_seed_holdout --global_seed 46 --seed 46 --neighbor_shuffle_seed 46 --n_folds 5 --variant dsmil --out_dir ${GATEDSRP_MIL_OUT:-runs/mil_models} --wandb_mode ${WANDB_MODE:-disabled} --epochs ${EPOCHS_TCGA_SURVIVAL:-20} --grad_accum ${GRAD_ACCUM_TCGA_SURVIVAL:-1} --base_lr ${LR_TCGA_SURVIVAL:-1e-4} --weight_decay ${WD_TCGA_SURVIVAL:-1e-5} --feature_root ${TCGA_FEATURE_ROOT:?set TCGA_FEATURE_ROOT} --feature_key ${TCGA_FEATURE_KEY:-features/uni_v2} --label_csv ${TCGA_SURVIVAL_LABEL_CSV:?set TCGA_SURVIVAL_LABEL_CSV}
UCEC	Official TransMIL	42	public	mil_ucec_official_transmil_s42	python -u slide_level_srp/train_survival.py --run_name mil_ucec_official_transmil_s42 --cohort UCEC --endpoint OS --split_mode global_seed_holdout --global_seed 42 --seed 42 --neighbor_shuffle_seed 42 --n_folds 5 --variant official_transmil --out_dir ${GATEDSRP_MIL_OUT:-runs/mil_models} --wandb_mode ${WANDB_MODE:-disabled} --epochs ${EPOCHS_TCGA_SURVIVAL:-20} --grad_accum ${GRAD_ACCUM_TCGA_SURVIVAL:-1} --base_lr ${LR_TCGA_SURVIVAL:-1e-4} --weight_decay ${WD_TCGA_SURVIVAL:-1e-5} --feature_root ${TCGA_FEATURE_ROOT:?set TCGA_FEATURE_ROOT} --feature_key ${TCGA_FEATURE_KEY:-features/uni_v2} --label_csv ${TCGA_SURVIVAL_LABEL_CSV:?set TCGA_SURVIVAL_LABEL_CSV}
UCEC	Official TransMIL	43	public	mil_ucec_official_transmil_s43	python -u slide_level_srp/train_survival.py --run_name mil_ucec_official_transmil_s43 --cohort UCEC --endpoint OS --split_mode global_seed_holdout --global_seed 43 --seed 43 --neighbor_shuffle_seed 43 --n_folds 5 --variant official_transmil --out_dir ${GATEDSRP_MIL_OUT:-runs/mil_models} --wandb_mode ${WANDB_MODE:-disabled} --epochs ${EPOCHS_TCGA_SURVIVAL:-20} --grad_accum ${GRAD_ACCUM_TCGA_SURVIVAL:-1} --base_lr ${LR_TCGA_SURVIVAL:-1e-4} --weight_decay ${WD_TCGA_SURVIVAL:-1e-5} --feature_root ${TCGA_FEATURE_ROOT:?set TCGA_FEATURE_ROOT} --feature_key ${TCGA_FEATURE_KEY:-features/uni_v2} --label_csv ${TCGA_SURVIVAL_LABEL_CSV:?set TCGA_SURVIVAL_LABEL_CSV}
UCEC	Official TransMIL	44	public	mil_ucec_official_transmil_s44	python -u slide_level_srp/train_survival.py --run_name mil_ucec_official_transmil_s44 --cohort UCEC --endpoint OS --split_mode global_seed_holdout --global_seed 44 --seed 44 --neighbor_shuffle_seed 44 --n_folds 5 --variant official_transmil --out_dir ${GATEDSRP_MIL_OUT:-runs/mil_models} --wandb_mode ${WANDB_MODE:-disabled} --epochs ${EPOCHS_TCGA_SURVIVAL:-20} --grad_accum ${GRAD_ACCUM_TCGA_SURVIVAL:-1} --base_lr ${LR_TCGA_SURVIVAL:-1e-4} --weight_decay ${WD_TCGA_SURVIVAL:-1e-5} --feature_root ${TCGA_FEATURE_ROOT:?set TCGA_FEATURE_ROOT} --feature_key ${TCGA_FEATURE_KEY:-features/uni_v2} --label_csv ${TCGA_SURVIVAL_LABEL_CSV:?set TCGA_SURVIVAL_LABEL_CSV}
UCEC	Official TransMIL	45	public	mil_ucec_official_transmil_s45	python -u slide_level_srp/train_survival.py --run_name mil_ucec_official_transmil_s45 --cohort UCEC --endpoint OS --split_mode global_seed_holdout --global_seed 45 --seed 45 --neighbor_shuffle_seed 45 --n_folds 5 --variant official_transmil --out_dir ${GATEDSRP_MIL_OUT:-runs/mil_models} --wandb_mode ${WANDB_MODE:-disabled} --epochs ${EPOCHS_TCGA_SURVIVAL:-20} --grad_accum ${GRAD_ACCUM_TCGA_SURVIVAL:-1} --base_lr ${LR_TCGA_SURVIVAL:-1e-4} --weight_decay ${WD_TCGA_SURVIVAL:-1e-5} --feature_root ${TCGA_FEATURE_ROOT:?set TCGA_FEATURE_ROOT} --feature_key ${TCGA_FEATURE_KEY:-features/uni_v2} --label_csv ${TCGA_SURVIVAL_LABEL_CSV:?set TCGA_SURVIVAL_LABEL_CSV}
UCEC	Official TransMIL	46	public	mil_ucec_official_transmil_s46	python -u slide_level_srp/train_survival.py --run_name mil_ucec_official_transmil_s46 --cohort UCEC --endpoint OS --split_mode global_seed_holdout --global_seed 46 --seed 46 --neighbor_shuffle_seed 46 --n_folds 5 --variant official_transmil --out_dir ${GATEDSRP_MIL_OUT:-runs/mil_models} --wandb_mode ${WANDB_MODE:-disabled} --epochs ${EPOCHS_TCGA_SURVIVAL:-20} --grad_accum ${GRAD_ACCUM_TCGA_SURVIVAL:-1} --base_lr ${LR_TCGA_SURVIVAL:-1e-4} --weight_decay ${WD_TCGA_SURVIVAL:-1e-5} --feature_root ${TCGA_FEATURE_ROOT:?set TCGA_FEATURE_ROOT} --feature_key ${TCGA_FEATURE_KEY:-features/uni_v2} --label_csv ${TCGA_SURVIVAL_LABEL_CSV:?set TCGA_SURVIVAL_LABEL_CSV}
