phase	cohort	endpoint	method	method_label	seed	delta_scale	gate_hidden_dim	selection_status	run_name	command
paper_tcga_survival	KIRC	OS	baseline	Standard SA	42	0	0	not_applicable	tcga_survival_os_global_seed_main_kirc_baseline_s42	python -u slide_level_srp/train_survival.py --run_name tcga_survival_os_global_seed_main_kirc_baseline_s42 --cohort KIRC --endpoint OS --split_mode global_seed_holdout --global_seed 42 --seed 42 --neighbor_shuffle_seed 42 --n_folds 5 --ablation baseline --out_dir ${GATEDSRP_TCGA_SURVIVAL_OUT:-runs/tcga_survival_global_seed_main} --wandb_mode ${WANDB_MODE:-disabled} --epochs ${EPOCHS_TCGA_SURVIVAL:-20} --grad_accum ${GRAD_ACCUM_TCGA_SURVIVAL:-1} --base_lr ${LR_TCGA_SURVIVAL:-1e-4} --weight_decay ${WD_TCGA_SURVIVAL:-1e-5} --feature_root ${TCGA_FEATURE_ROOT:?set TCGA_FEATURE_ROOT} --feature_key ${TCGA_FEATURE_KEY:-features/uni_v2} --label_csv ${TCGA_SURVIVAL_LABEL_CSV:?set TCGA_SURVIVAL_LABEL_CSV}
paper_tcga_survival	KIRC	OS	baseline	Standard SA	43	0	0	not_applicable	tcga_survival_os_global_seed_main_kirc_baseline_s43	python -u slide_level_srp/train_survival.py --run_name tcga_survival_os_global_seed_main_kirc_baseline_s43 --cohort KIRC --endpoint OS --split_mode global_seed_holdout --global_seed 43 --seed 43 --neighbor_shuffle_seed 43 --n_folds 5 --ablation baseline --out_dir ${GATEDSRP_TCGA_SURVIVAL_OUT:-runs/tcga_survival_global_seed_main} --wandb_mode ${WANDB_MODE:-disabled} --epochs ${EPOCHS_TCGA_SURVIVAL:-20} --grad_accum ${GRAD_ACCUM_TCGA_SURVIVAL:-1} --base_lr ${LR_TCGA_SURVIVAL:-1e-4} --weight_decay ${WD_TCGA_SURVIVAL:-1e-5} --feature_root ${TCGA_FEATURE_ROOT:?set TCGA_FEATURE_ROOT} --feature_key ${TCGA_FEATURE_KEY:-features/uni_v2} --label_csv ${TCGA_SURVIVAL_LABEL_CSV:?set TCGA_SURVIVAL_LABEL_CSV}
paper_tcga_survival	KIRC	OS	baseline	Standard SA	44	0	0	not_applicable	tcga_survival_os_global_seed_main_kirc_baseline_s44	python -u slide_level_srp/train_survival.py --run_name tcga_survival_os_global_seed_main_kirc_baseline_s44 --cohort KIRC --endpoint OS --split_mode global_seed_holdout --global_seed 44 --seed 44 --neighbor_shuffle_seed 44 --n_folds 5 --ablation baseline --out_dir ${GATEDSRP_TCGA_SURVIVAL_OUT:-runs/tcga_survival_global_seed_main} --wandb_mode ${WANDB_MODE:-disabled} --epochs ${EPOCHS_TCGA_SURVIVAL:-20} --grad_accum ${GRAD_ACCUM_TCGA_SURVIVAL:-1} --base_lr ${LR_TCGA_SURVIVAL:-1e-4} --weight_decay ${WD_TCGA_SURVIVAL:-1e-5} --feature_root ${TCGA_FEATURE_ROOT:?set TCGA_FEATURE_ROOT} --feature_key ${TCGA_FEATURE_KEY:-features/uni_v2} --label_csv ${TCGA_SURVIVAL_LABEL_CSV:?set TCGA_SURVIVAL_LABEL_CSV}
paper_tcga_survival	KIRC	OS	baseline	Standard SA	45	0	0	not_applicable	tcga_survival_os_global_seed_main_kirc_baseline_s45	python -u slide_level_srp/train_survival.py --run_name tcga_survival_os_global_seed_main_kirc_baseline_s45 --cohort KIRC --endpoint OS --split_mode global_seed_holdout --global_seed 45 --seed 45 --neighbor_shuffle_seed 45 --n_folds 5 --ablation baseline --out_dir ${GATEDSRP_TCGA_SURVIVAL_OUT:-runs/tcga_survival_global_seed_main} --wandb_mode ${WANDB_MODE:-disabled} --epochs ${EPOCHS_TCGA_SURVIVAL:-20} --grad_accum ${GRAD_ACCUM_TCGA_SURVIVAL:-1} --base_lr ${LR_TCGA_SURVIVAL:-1e-4} --weight_decay ${WD_TCGA_SURVIVAL:-1e-5} --feature_root ${TCGA_FEATURE_ROOT:?set TCGA_FEATURE_ROOT} --feature_key ${TCGA_FEATURE_KEY:-features/uni_v2} --label_csv ${TCGA_SURVIVAL_LABEL_CSV:?set TCGA_SURVIVAL_LABEL_CSV}
paper_tcga_survival	KIRC	OS	baseline	Standard SA	46	0	0	not_applicable	tcga_survival_os_global_seed_main_kirc_baseline_s46	python -u slide_level_srp/train_survival.py --run_name tcga_survival_os_global_seed_main_kirc_baseline_s46 --cohort KIRC --endpoint OS --split_mode global_seed_holdout --global_seed 46 --seed 46 --neighbor_shuffle_seed 46 --n_folds 5 --ablation baseline --out_dir ${GATEDSRP_TCGA_SURVIVAL_OUT:-runs/tcga_survival_global_seed_main} --wandb_mode ${WANDB_MODE:-disabled} --epochs ${EPOCHS_TCGA_SURVIVAL:-20} --grad_accum ${GRAD_ACCUM_TCGA_SURVIVAL:-1} --base_lr ${LR_TCGA_SURVIVAL:-1e-4} --weight_decay ${WD_TCGA_SURVIVAL:-1e-5} --feature_root ${TCGA_FEATURE_ROOT:?set TCGA_FEATURE_ROOT} --feature_key ${TCGA_FEATURE_KEY:-features/uni_v2} --label_csv ${TCGA_SURVIVAL_LABEL_CSV:?set TCGA_SURVIVAL_LABEL_CSV}
paper_tcga_survival	KIRC	OS	diff_transformer	Differential Transformer	42			not_applicable	tcga_survival_os_global_seed_main_kirc_diff_transformer_s42	python -u slide_level_srp/train_survival.py --run_name tcga_survival_os_global_seed_main_kirc_diff_transformer_s42 --cohort KIRC --endpoint OS --split_mode global_seed_holdout --global_seed 42 --seed 42 --neighbor_shuffle_seed 42 --n_folds 5 --ablation diff_transformer --out_dir ${GATEDSRP_TCGA_SURVIVAL_OUT:-runs/tcga_survival_global_seed_main} --wandb_mode ${WANDB_MODE:-disabled} --epochs ${EPOCHS_TCGA_SURVIVAL:-20} --grad_accum ${GRAD_ACCUM_TCGA_SURVIVAL:-1} --base_lr ${LR_TCGA_SURVIVAL:-1e-4} --weight_decay ${WD_TCGA_SURVIVAL:-1e-5} --feature_root ${TCGA_FEATURE_ROOT:?set TCGA_FEATURE_ROOT} --feature_key ${TCGA_FEATURE_KEY:-features/uni_v2} --label_csv ${TCGA_SURVIVAL_LABEL_CSV:?set TCGA_SURVIVAL_LABEL_CSV}
paper_tcga_survival	KIRC	OS	diff_transformer	Differential Transformer	43			not_applicable	tcga_survival_os_global_seed_main_kirc_diff_transformer_s43	python -u slide_level_srp/train_survival.py --run_name tcga_survival_os_global_seed_main_kirc_diff_transformer_s43 --cohort KIRC --endpoint OS --split_mode global_seed_holdout --global_seed 43 --seed 43 --neighbor_shuffle_seed 43 --n_folds 5 --ablation diff_transformer --out_dir ${GATEDSRP_TCGA_SURVIVAL_OUT:-runs/tcga_survival_global_seed_main} --wandb_mode ${WANDB_MODE:-disabled} --epochs ${EPOCHS_TCGA_SURVIVAL:-20} --grad_accum ${GRAD_ACCUM_TCGA_SURVIVAL:-1} --base_lr ${LR_TCGA_SURVIVAL:-1e-4} --weight_decay ${WD_TCGA_SURVIVAL:-1e-5} --feature_root ${TCGA_FEATURE_ROOT:?set TCGA_FEATURE_ROOT} --feature_key ${TCGA_FEATURE_KEY:-features/uni_v2} --label_csv ${TCGA_SURVIVAL_LABEL_CSV:?set TCGA_SURVIVAL_LABEL_CSV}
paper_tcga_survival	KIRC	OS	diff_transformer	Differential Transformer	44			not_applicable	tcga_survival_os_global_seed_main_kirc_diff_transformer_s44	python -u slide_level_srp/train_survival.py --run_name tcga_survival_os_global_seed_main_kirc_diff_transformer_s44 --cohort KIRC --endpoint OS --split_mode global_seed_holdout --global_seed 44 --seed 44 --neighbor_shuffle_seed 44 --n_folds 5 --ablation diff_transformer --out_dir ${GATEDSRP_TCGA_SURVIVAL_OUT:-runs/tcga_survival_global_seed_main} --wandb_mode ${WANDB_MODE:-disabled} --epochs ${EPOCHS_TCGA_SURVIVAL:-20} --grad_accum ${GRAD_ACCUM_TCGA_SURVIVAL:-1} --base_lr ${LR_TCGA_SURVIVAL:-1e-4} --weight_decay ${WD_TCGA_SURVIVAL:-1e-5} --feature_root ${TCGA_FEATURE_ROOT:?set TCGA_FEATURE_ROOT} --feature_key ${TCGA_FEATURE_KEY:-features/uni_v2} --label_csv ${TCGA_SURVIVAL_LABEL_CSV:?set TCGA_SURVIVAL_LABEL_CSV}
paper_tcga_survival	KIRC	OS	diff_transformer	Differential Transformer	45			not_applicable	tcga_survival_os_global_seed_main_kirc_diff_transformer_s45	python -u slide_level_srp/train_survival.py --run_name tcga_survival_os_global_seed_main_kirc_diff_transformer_s45 --cohort KIRC --endpoint OS --split_mode global_seed_holdout --global_seed 45 --seed 45 --neighbor_shuffle_seed 45 --n_folds 5 --ablation diff_transformer --out_dir ${GATEDSRP_TCGA_SURVIVAL_OUT:-runs/tcga_survival_global_seed_main} --wandb_mode ${WANDB_MODE:-disabled} --epochs ${EPOCHS_TCGA_SURVIVAL:-20} --grad_accum ${GRAD_ACCUM_TCGA_SURVIVAL:-1} --base_lr ${LR_TCGA_SURVIVAL:-1e-4} --weight_decay ${WD_TCGA_SURVIVAL:-1e-5} --feature_root ${TCGA_FEATURE_ROOT:?set TCGA_FEATURE_ROOT} --feature_key ${TCGA_FEATURE_KEY:-features/uni_v2} --label_csv ${TCGA_SURVIVAL_LABEL_CSV:?set TCGA_SURVIVAL_LABEL_CSV}
paper_tcga_survival	KIRC	OS	diff_transformer	Differential Transformer	46			not_applicable	tcga_survival_os_global_seed_main_kirc_diff_transformer_s46	python -u slide_level_srp/train_survival.py --run_name tcga_survival_os_global_seed_main_kirc_diff_transformer_s46 --cohort KIRC --endpoint OS --split_mode global_seed_holdout --global_seed 46 --seed 46 --neighbor_shuffle_seed 46 --n_folds 5 --ablation diff_transformer --out_dir ${GATEDSRP_TCGA_SURVIVAL_OUT:-runs/tcga_survival_global_seed_main} --wandb_mode ${WANDB_MODE:-disabled} --epochs ${EPOCHS_TCGA_SURVIVAL:-20} --grad_accum ${GRAD_ACCUM_TCGA_SURVIVAL:-1} --base_lr ${LR_TCGA_SURVIVAL:-1e-4} --weight_decay ${WD_TCGA_SURVIVAL:-1e-5} --feature_root ${TCGA_FEATURE_ROOT:?set TCGA_FEATURE_ROOT} --feature_key ${TCGA_FEATURE_KEY:-features/uni_v2} --label_csv ${TCGA_SURVIVAL_LABEL_CSV:?set TCGA_SURVIVAL_LABEL_CSV}
paper_tcga_survival	KIRC	OS	gated_post_attention	Gated SRP (ours)	42	1.5	128	reported_paper_config	tcga_survival_os_global_seed_main_kirc_gated_post_attention_s42	python -u slide_level_srp/train_survival.py --run_name tcga_survival_os_global_seed_main_kirc_gated_post_attention_s42 --cohort KIRC --endpoint OS --split_mode global_seed_holdout --global_seed 42 --seed 42 --neighbor_shuffle_seed 42 --n_folds 5 --ablation srp_patch_signed_gated --out_dir ${GATEDSRP_TCGA_SURVIVAL_OUT:-runs/tcga_survival_global_seed_main} --wandb_mode ${WANDB_MODE:-disabled} --epochs ${EPOCHS_TCGA_SURVIVAL:-20} --grad_accum ${GRAD_ACCUM_TCGA_SURVIVAL:-1} --base_lr ${LR_TCGA_SURVIVAL:-1e-4} --weight_decay ${WD_TCGA_SURVIVAL:-1e-5} --feature_root ${TCGA_FEATURE_ROOT:?set TCGA_FEATURE_ROOT} --feature_key ${TCGA_FEATURE_KEY:-features/uni_v2} --delta_scale 1.5 --gate_hidden_dim 128 --gate_output_init zero --gate_activation tanh --gate_factorization full --label_csv ${TCGA_SURVIVAL_LABEL_CSV:?set TCGA_SURVIVAL_LABEL_CSV}
paper_tcga_survival	KIRC	OS	gated_post_attention	Gated SRP (ours)	43	1.5	128	reported_paper_config	tcga_survival_os_global_seed_main_kirc_gated_post_attention_s43	python -u slide_level_srp/train_survival.py --run_name tcga_survival_os_global_seed_main_kirc_gated_post_attention_s43 --cohort KIRC --endpoint OS --split_mode global_seed_holdout --global_seed 43 --seed 43 --neighbor_shuffle_seed 43 --n_folds 5 --ablation srp_patch_signed_gated --out_dir ${GATEDSRP_TCGA_SURVIVAL_OUT:-runs/tcga_survival_global_seed_main} --wandb_mode ${WANDB_MODE:-disabled} --epochs ${EPOCHS_TCGA_SURVIVAL:-20} --grad_accum ${GRAD_ACCUM_TCGA_SURVIVAL:-1} --base_lr ${LR_TCGA_SURVIVAL:-1e-4} --weight_decay ${WD_TCGA_SURVIVAL:-1e-5} --feature_root ${TCGA_FEATURE_ROOT:?set TCGA_FEATURE_ROOT} --feature_key ${TCGA_FEATURE_KEY:-features/uni_v2} --delta_scale 1.5 --gate_hidden_dim 128 --gate_output_init zero --gate_activation tanh --gate_factorization full --label_csv ${TCGA_SURVIVAL_LABEL_CSV:?set TCGA_SURVIVAL_LABEL_CSV}
paper_tcga_survival	KIRC	OS	gated_post_attention	Gated SRP (ours)	44	1.5	128	reported_paper_config	tcga_survival_os_global_seed_main_kirc_gated_post_attention_s44	python -u slide_level_srp/train_survival.py --run_name tcga_survival_os_global_seed_main_kirc_gated_post_attention_s44 --cohort KIRC --endpoint OS --split_mode global_seed_holdout --global_seed 44 --seed 44 --neighbor_shuffle_seed 44 --n_folds 5 --ablation srp_patch_signed_gated --out_dir ${GATEDSRP_TCGA_SURVIVAL_OUT:-runs/tcga_survival_global_seed_main} --wandb_mode ${WANDB_MODE:-disabled} --epochs ${EPOCHS_TCGA_SURVIVAL:-20} --grad_accum ${GRAD_ACCUM_TCGA_SURVIVAL:-1} --base_lr ${LR_TCGA_SURVIVAL:-1e-4} --weight_decay ${WD_TCGA_SURVIVAL:-1e-5} --feature_root ${TCGA_FEATURE_ROOT:?set TCGA_FEATURE_ROOT} --feature_key ${TCGA_FEATURE_KEY:-features/uni_v2} --delta_scale 1.5 --gate_hidden_dim 128 --gate_output_init zero --gate_activation tanh --gate_factorization full --label_csv ${TCGA_SURVIVAL_LABEL_CSV:?set TCGA_SURVIVAL_LABEL_CSV}
paper_tcga_survival	KIRC	OS	gated_post_attention	Gated SRP (ours)	45	1.5	128	reported_paper_config	tcga_survival_os_global_seed_main_kirc_gated_post_attention_s45	python -u slide_level_srp/train_survival.py --run_name tcga_survival_os_global_seed_main_kirc_gated_post_attention_s45 --cohort KIRC --endpoint OS --split_mode global_seed_holdout --global_seed 45 --seed 45 --neighbor_shuffle_seed 45 --n_folds 5 --ablation srp_patch_signed_gated --out_dir ${GATEDSRP_TCGA_SURVIVAL_OUT:-runs/tcga_survival_global_seed_main} --wandb_mode ${WANDB_MODE:-disabled} --epochs ${EPOCHS_TCGA_SURVIVAL:-20} --grad_accum ${GRAD_ACCUM_TCGA_SURVIVAL:-1} --base_lr ${LR_TCGA_SURVIVAL:-1e-4} --weight_decay ${WD_TCGA_SURVIVAL:-1e-5} --feature_root ${TCGA_FEATURE_ROOT:?set TCGA_FEATURE_ROOT} --feature_key ${TCGA_FEATURE_KEY:-features/uni_v2} --delta_scale 1.5 --gate_hidden_dim 128 --gate_output_init zero --gate_activation tanh --gate_factorization full --label_csv ${TCGA_SURVIVAL_LABEL_CSV:?set TCGA_SURVIVAL_LABEL_CSV}
paper_tcga_survival	KIRC	OS	gated_post_attention	Gated SRP (ours)	46	1.5	128	reported_paper_config	tcga_survival_os_global_seed_main_kirc_gated_post_attention_s46	python -u slide_level_srp/train_survival.py --run_name tcga_survival_os_global_seed_main_kirc_gated_post_attention_s46 --cohort KIRC --endpoint OS --split_mode global_seed_holdout --global_seed 46 --seed 46 --neighbor_shuffle_seed 46 --n_folds 5 --ablation srp_patch_signed_gated --out_dir ${GATEDSRP_TCGA_SURVIVAL_OUT:-runs/tcga_survival_global_seed_main} --wandb_mode ${WANDB_MODE:-disabled} --epochs ${EPOCHS_TCGA_SURVIVAL:-20} --grad_accum ${GRAD_ACCUM_TCGA_SURVIVAL:-1} --base_lr ${LR_TCGA_SURVIVAL:-1e-4} --weight_decay ${WD_TCGA_SURVIVAL:-1e-5} --feature_root ${TCGA_FEATURE_ROOT:?set TCGA_FEATURE_ROOT} --feature_key ${TCGA_FEATURE_KEY:-features/uni_v2} --delta_scale 1.5 --gate_hidden_dim 128 --gate_output_init zero --gate_activation tanh --gate_factorization full --label_csv ${TCGA_SURVIVAL_LABEL_CSV:?set TCGA_SURVIVAL_LABEL_CSV}
paper_tcga_survival	KIRC	OS	xsa_all_ref	XSA	42			not_applicable	tcga_survival_os_global_seed_main_kirc_xsa_all_ref_s42	python -u slide_level_srp/train_survival.py --run_name tcga_survival_os_global_seed_main_kirc_xsa_all_ref_s42 --cohort KIRC --endpoint OS --split_mode global_seed_holdout --global_seed 42 --seed 42 --neighbor_shuffle_seed 42 --n_folds 5 --ablation xsa_all_ref --out_dir ${GATEDSRP_TCGA_SURVIVAL_OUT:-runs/tcga_survival_global_seed_main} --wandb_mode ${WANDB_MODE:-disabled} --epochs ${EPOCHS_TCGA_SURVIVAL:-20} --grad_accum ${GRAD_ACCUM_TCGA_SURVIVAL:-1} --base_lr ${LR_TCGA_SURVIVAL:-1e-4} --weight_decay ${WD_TCGA_SURVIVAL:-1e-5} --feature_root ${TCGA_FEATURE_ROOT:?set TCGA_FEATURE_ROOT} --feature_key ${TCGA_FEATURE_KEY:-features/uni_v2} --label_csv ${TCGA_SURVIVAL_LABEL_CSV:?set TCGA_SURVIVAL_LABEL_CSV}
paper_tcga_survival	KIRC	OS	xsa_all_ref	XSA	43			not_applicable	tcga_survival_os_global_seed_main_kirc_xsa_all_ref_s43	python -u slide_level_srp/train_survival.py --run_name tcga_survival_os_global_seed_main_kirc_xsa_all_ref_s43 --cohort KIRC --endpoint OS --split_mode global_seed_holdout --global_seed 43 --seed 43 --neighbor_shuffle_seed 43 --n_folds 5 --ablation xsa_all_ref --out_dir ${GATEDSRP_TCGA_SURVIVAL_OUT:-runs/tcga_survival_global_seed_main} --wandb_mode ${WANDB_MODE:-disabled} --epochs ${EPOCHS_TCGA_SURVIVAL:-20} --grad_accum ${GRAD_ACCUM_TCGA_SURVIVAL:-1} --base_lr ${LR_TCGA_SURVIVAL:-1e-4} --weight_decay ${WD_TCGA_SURVIVAL:-1e-5} --feature_root ${TCGA_FEATURE_ROOT:?set TCGA_FEATURE_ROOT} --feature_key ${TCGA_FEATURE_KEY:-features/uni_v2} --label_csv ${TCGA_SURVIVAL_LABEL_CSV:?set TCGA_SURVIVAL_LABEL_CSV}
paper_tcga_survival	KIRC	OS	xsa_all_ref	XSA	44			not_applicable	tcga_survival_os_global_seed_main_kirc_xsa_all_ref_s44	python -u slide_level_srp/train_survival.py --run_name tcga_survival_os_global_seed_main_kirc_xsa_all_ref_s44 --cohort KIRC --endpoint OS --split_mode global_seed_holdout --global_seed 44 --seed 44 --neighbor_shuffle_seed 44 --n_folds 5 --ablation xsa_all_ref --out_dir ${GATEDSRP_TCGA_SURVIVAL_OUT:-runs/tcga_survival_global_seed_main} --wandb_mode ${WANDB_MODE:-disabled} --epochs ${EPOCHS_TCGA_SURVIVAL:-20} --grad_accum ${GRAD_ACCUM_TCGA_SURVIVAL:-1} --base_lr ${LR_TCGA_SURVIVAL:-1e-4} --weight_decay ${WD_TCGA_SURVIVAL:-1e-5} --feature_root ${TCGA_FEATURE_ROOT:?set TCGA_FEATURE_ROOT} --feature_key ${TCGA_FEATURE_KEY:-features/uni_v2} --label_csv ${TCGA_SURVIVAL_LABEL_CSV:?set TCGA_SURVIVAL_LABEL_CSV}
paper_tcga_survival	KIRC	OS	xsa_all_ref	XSA	45			not_applicable	tcga_survival_os_global_seed_main_kirc_xsa_all_ref_s45	python -u slide_level_srp/train_survival.py --run_name tcga_survival_os_global_seed_main_kirc_xsa_all_ref_s45 --cohort KIRC --endpoint OS --split_mode global_seed_holdout --global_seed 45 --seed 45 --neighbor_shuffle_seed 45 --n_folds 5 --ablation xsa_all_ref --out_dir ${GATEDSRP_TCGA_SURVIVAL_OUT:-runs/tcga_survival_global_seed_main} --wandb_mode ${WANDB_MODE:-disabled} --epochs ${EPOCHS_TCGA_SURVIVAL:-20} --grad_accum ${GRAD_ACCUM_TCGA_SURVIVAL:-1} --base_lr ${LR_TCGA_SURVIVAL:-1e-4} --weight_decay ${WD_TCGA_SURVIVAL:-1e-5} --feature_root ${TCGA_FEATURE_ROOT:?set TCGA_FEATURE_ROOT} --feature_key ${TCGA_FEATURE_KEY:-features/uni_v2} --label_csv ${TCGA_SURVIVAL_LABEL_CSV:?set TCGA_SURVIVAL_LABEL_CSV}
paper_tcga_survival	KIRC	OS	xsa_all_ref	XSA	46			not_applicable	tcga_survival_os_global_seed_main_kirc_xsa_all_ref_s46	python -u slide_level_srp/train_survival.py --run_name tcga_survival_os_global_seed_main_kirc_xsa_all_ref_s46 --cohort KIRC --endpoint OS --split_mode global_seed_holdout --global_seed 46 --seed 46 --neighbor_shuffle_seed 46 --n_folds 5 --ablation xsa_all_ref --out_dir ${GATEDSRP_TCGA_SURVIVAL_OUT:-runs/tcga_survival_global_seed_main} --wandb_mode ${WANDB_MODE:-disabled} --epochs ${EPOCHS_TCGA_SURVIVAL:-20} --grad_accum ${GRAD_ACCUM_TCGA_SURVIVAL:-1} --base_lr ${LR_TCGA_SURVIVAL:-1e-4} --weight_decay ${WD_TCGA_SURVIVAL:-1e-5} --feature_root ${TCGA_FEATURE_ROOT:?set TCGA_FEATURE_ROOT} --feature_key ${TCGA_FEATURE_KEY:-features/uni_v2} --label_csv ${TCGA_SURVIVAL_LABEL_CSV:?set TCGA_SURVIVAL_LABEL_CSV}
paper_tcga_survival	KIRP	OS	baseline	Standard SA	42	0	0	not_applicable	tcga_survival_os_global_seed_main_kirp_baseline_s42	python -u slide_level_srp/train_survival.py --run_name tcga_survival_os_global_seed_main_kirp_baseline_s42 --cohort KIRP --endpoint OS --split_mode global_seed_holdout --global_seed 42 --seed 42 --neighbor_shuffle_seed 42 --n_folds 5 --ablation baseline --out_dir ${GATEDSRP_TCGA_SURVIVAL_OUT:-runs/tcga_survival_global_seed_main} --wandb_mode ${WANDB_MODE:-disabled} --epochs ${EPOCHS_TCGA_SURVIVAL:-20} --grad_accum ${GRAD_ACCUM_TCGA_SURVIVAL:-1} --base_lr ${LR_TCGA_SURVIVAL:-1e-4} --weight_decay ${WD_TCGA_SURVIVAL:-1e-5} --feature_root ${TCGA_FEATURE_ROOT:?set TCGA_FEATURE_ROOT} --feature_key ${TCGA_FEATURE_KEY:-features/uni_v2} --label_csv ${TCGA_SURVIVAL_LABEL_CSV:?set TCGA_SURVIVAL_LABEL_CSV}
paper_tcga_survival	KIRP	OS	baseline	Standard SA	43	0	0	not_applicable	tcga_survival_os_global_seed_main_kirp_baseline_s43	python -u slide_level_srp/train_survival.py --run_name tcga_survival_os_global_seed_main_kirp_baseline_s43 --cohort KIRP --endpoint OS --split_mode global_seed_holdout --global_seed 43 --seed 43 --neighbor_shuffle_seed 43 --n_folds 5 --ablation baseline --out_dir ${GATEDSRP_TCGA_SURVIVAL_OUT:-runs/tcga_survival_global_seed_main} --wandb_mode ${WANDB_MODE:-disabled} --epochs ${EPOCHS_TCGA_SURVIVAL:-20} --grad_accum ${GRAD_ACCUM_TCGA_SURVIVAL:-1} --base_lr ${LR_TCGA_SURVIVAL:-1e-4} --weight_decay ${WD_TCGA_SURVIVAL:-1e-5} --feature_root ${TCGA_FEATURE_ROOT:?set TCGA_FEATURE_ROOT} --feature_key ${TCGA_FEATURE_KEY:-features/uni_v2} --label_csv ${TCGA_SURVIVAL_LABEL_CSV:?set TCGA_SURVIVAL_LABEL_CSV}
paper_tcga_survival	KIRP	OS	baseline	Standard SA	44	0	0	not_applicable	tcga_survival_os_global_seed_main_kirp_baseline_s44	python -u slide_level_srp/train_survival.py --run_name tcga_survival_os_global_seed_main_kirp_baseline_s44 --cohort KIRP --endpoint OS --split_mode global_seed_holdout --global_seed 44 --seed 44 --neighbor_shuffle_seed 44 --n_folds 5 --ablation baseline --out_dir ${GATEDSRP_TCGA_SURVIVAL_OUT:-runs/tcga_survival_global_seed_main} --wandb_mode ${WANDB_MODE:-disabled} --epochs ${EPOCHS_TCGA_SURVIVAL:-20} --grad_accum ${GRAD_ACCUM_TCGA_SURVIVAL:-1} --base_lr ${LR_TCGA_SURVIVAL:-1e-4} --weight_decay ${WD_TCGA_SURVIVAL:-1e-5} --feature_root ${TCGA_FEATURE_ROOT:?set TCGA_FEATURE_ROOT} --feature_key ${TCGA_FEATURE_KEY:-features/uni_v2} --label_csv ${TCGA_SURVIVAL_LABEL_CSV:?set TCGA_SURVIVAL_LABEL_CSV}
paper_tcga_survival	KIRP	OS	baseline	Standard SA	45	0	0	not_applicable	tcga_survival_os_global_seed_main_kirp_baseline_s45	python -u slide_level_srp/train_survival.py --run_name tcga_survival_os_global_seed_main_kirp_baseline_s45 --cohort KIRP --endpoint OS --split_mode global_seed_holdout --global_seed 45 --seed 45 --neighbor_shuffle_seed 45 --n_folds 5 --ablation baseline --out_dir ${GATEDSRP_TCGA_SURVIVAL_OUT:-runs/tcga_survival_global_seed_main} --wandb_mode ${WANDB_MODE:-disabled} --epochs ${EPOCHS_TCGA_SURVIVAL:-20} --grad_accum ${GRAD_ACCUM_TCGA_SURVIVAL:-1} --base_lr ${LR_TCGA_SURVIVAL:-1e-4} --weight_decay ${WD_TCGA_SURVIVAL:-1e-5} --feature_root ${TCGA_FEATURE_ROOT:?set TCGA_FEATURE_ROOT} --feature_key ${TCGA_FEATURE_KEY:-features/uni_v2} --label_csv ${TCGA_SURVIVAL_LABEL_CSV:?set TCGA_SURVIVAL_LABEL_CSV}
paper_tcga_survival	KIRP	OS	baseline	Standard SA	46	0	0	not_applicable	tcga_survival_os_global_seed_main_kirp_baseline_s46	python -u slide_level_srp/train_survival.py --run_name tcga_survival_os_global_seed_main_kirp_baseline_s46 --cohort KIRP --endpoint OS --split_mode global_seed_holdout --global_seed 46 --seed 46 --neighbor_shuffle_seed 46 --n_folds 5 --ablation baseline --out_dir ${GATEDSRP_TCGA_SURVIVAL_OUT:-runs/tcga_survival_global_seed_main} --wandb_mode ${WANDB_MODE:-disabled} --epochs ${EPOCHS_TCGA_SURVIVAL:-20} --grad_accum ${GRAD_ACCUM_TCGA_SURVIVAL:-1} --base_lr ${LR_TCGA_SURVIVAL:-1e-4} --weight_decay ${WD_TCGA_SURVIVAL:-1e-5} --feature_root ${TCGA_FEATURE_ROOT:?set TCGA_FEATURE_ROOT} --feature_key ${TCGA_FEATURE_KEY:-features/uni_v2} --label_csv ${TCGA_SURVIVAL_LABEL_CSV:?set TCGA_SURVIVAL_LABEL_CSV}
paper_tcga_survival	KIRP	OS	diff_transformer	Differential Transformer	42			not_applicable	tcga_survival_os_global_seed_main_kirp_diff_transformer_s42	python -u slide_level_srp/train_survival.py --run_name tcga_survival_os_global_seed_main_kirp_diff_transformer_s42 --cohort KIRP --endpoint OS --split_mode global_seed_holdout --global_seed 42 --seed 42 --neighbor_shuffle_seed 42 --n_folds 5 --ablation diff_transformer --out_dir ${GATEDSRP_TCGA_SURVIVAL_OUT:-runs/tcga_survival_global_seed_main} --wandb_mode ${WANDB_MODE:-disabled} --epochs ${EPOCHS_TCGA_SURVIVAL:-20} --grad_accum ${GRAD_ACCUM_TCGA_SURVIVAL:-1} --base_lr ${LR_TCGA_SURVIVAL:-1e-4} --weight_decay ${WD_TCGA_SURVIVAL:-1e-5} --feature_root ${TCGA_FEATURE_ROOT:?set TCGA_FEATURE_ROOT} --feature_key ${TCGA_FEATURE_KEY:-features/uni_v2} --label_csv ${TCGA_SURVIVAL_LABEL_CSV:?set TCGA_SURVIVAL_LABEL_CSV}
paper_tcga_survival	KIRP	OS	diff_transformer	Differential Transformer	43			not_applicable	tcga_survival_os_global_seed_main_kirp_diff_transformer_s43	python -u slide_level_srp/train_survival.py --run_name tcga_survival_os_global_seed_main_kirp_diff_transformer_s43 --cohort KIRP --endpoint OS --split_mode global_seed_holdout --global_seed 43 --seed 43 --neighbor_shuffle_seed 43 --n_folds 5 --ablation diff_transformer --out_dir ${GATEDSRP_TCGA_SURVIVAL_OUT:-runs/tcga_survival_global_seed_main} --wandb_mode ${WANDB_MODE:-disabled} --epochs ${EPOCHS_TCGA_SURVIVAL:-20} --grad_accum ${GRAD_ACCUM_TCGA_SURVIVAL:-1} --base_lr ${LR_TCGA_SURVIVAL:-1e-4} --weight_decay ${WD_TCGA_SURVIVAL:-1e-5} --feature_root ${TCGA_FEATURE_ROOT:?set TCGA_FEATURE_ROOT} --feature_key ${TCGA_FEATURE_KEY:-features/uni_v2} --label_csv ${TCGA_SURVIVAL_LABEL_CSV:?set TCGA_SURVIVAL_LABEL_CSV}
paper_tcga_survival	KIRP	OS	diff_transformer	Differential Transformer	44			not_applicable	tcga_survival_os_global_seed_main_kirp_diff_transformer_s44	python -u slide_level_srp/train_survival.py --run_name tcga_survival_os_global_seed_main_kirp_diff_transformer_s44 --cohort KIRP --endpoint OS --split_mode global_seed_holdout --global_seed 44 --seed 44 --neighbor_shuffle_seed 44 --n_folds 5 --ablation diff_transformer --out_dir ${GATEDSRP_TCGA_SURVIVAL_OUT:-runs/tcga_survival_global_seed_main} --wandb_mode ${WANDB_MODE:-disabled} --epochs ${EPOCHS_TCGA_SURVIVAL:-20} --grad_accum ${GRAD_ACCUM_TCGA_SURVIVAL:-1} --base_lr ${LR_TCGA_SURVIVAL:-1e-4} --weight_decay ${WD_TCGA_SURVIVAL:-1e-5} --feature_root ${TCGA_FEATURE_ROOT:?set TCGA_FEATURE_ROOT} --feature_key ${TCGA_FEATURE_KEY:-features/uni_v2} --label_csv ${TCGA_SURVIVAL_LABEL_CSV:?set TCGA_SURVIVAL_LABEL_CSV}
paper_tcga_survival	KIRP	OS	diff_transformer	Differential Transformer	45			not_applicable	tcga_survival_os_global_seed_main_kirp_diff_transformer_s45	python -u slide_level_srp/train_survival.py --run_name tcga_survival_os_global_seed_main_kirp_diff_transformer_s45 --cohort KIRP --endpoint OS --split_mode global_seed_holdout --global_seed 45 --seed 45 --neighbor_shuffle_seed 45 --n_folds 5 --ablation diff_transformer --out_dir ${GATEDSRP_TCGA_SURVIVAL_OUT:-runs/tcga_survival_global_seed_main} --wandb_mode ${WANDB_MODE:-disabled} --epochs ${EPOCHS_TCGA_SURVIVAL:-20} --grad_accum ${GRAD_ACCUM_TCGA_SURVIVAL:-1} --base_lr ${LR_TCGA_SURVIVAL:-1e-4} --weight_decay ${WD_TCGA_SURVIVAL:-1e-5} --feature_root ${TCGA_FEATURE_ROOT:?set TCGA_FEATURE_ROOT} --feature_key ${TCGA_FEATURE_KEY:-features/uni_v2} --label_csv ${TCGA_SURVIVAL_LABEL_CSV:?set TCGA_SURVIVAL_LABEL_CSV}
paper_tcga_survival	KIRP	OS	diff_transformer	Differential Transformer	46			not_applicable	tcga_survival_os_global_seed_main_kirp_diff_transformer_s46	python -u slide_level_srp/train_survival.py --run_name tcga_survival_os_global_seed_main_kirp_diff_transformer_s46 --cohort KIRP --endpoint OS --split_mode global_seed_holdout --global_seed 46 --seed 46 --neighbor_shuffle_seed 46 --n_folds 5 --ablation diff_transformer --out_dir ${GATEDSRP_TCGA_SURVIVAL_OUT:-runs/tcga_survival_global_seed_main} --wandb_mode ${WANDB_MODE:-disabled} --epochs ${EPOCHS_TCGA_SURVIVAL:-20} --grad_accum ${GRAD_ACCUM_TCGA_SURVIVAL:-1} --base_lr ${LR_TCGA_SURVIVAL:-1e-4} --weight_decay ${WD_TCGA_SURVIVAL:-1e-5} --feature_root ${TCGA_FEATURE_ROOT:?set TCGA_FEATURE_ROOT} --feature_key ${TCGA_FEATURE_KEY:-features/uni_v2} --label_csv ${TCGA_SURVIVAL_LABEL_CSV:?set TCGA_SURVIVAL_LABEL_CSV}
paper_tcga_survival	KIRP	OS	gated_post_attention	Gated SRP (ours)	42	2.0	32	reported_paper_config	tcga_survival_os_global_seed_main_kirp_gated_post_attention_s42	python -u slide_level_srp/train_survival.py --run_name tcga_survival_os_global_seed_main_kirp_gated_post_attention_s42 --cohort KIRP --endpoint OS --split_mode global_seed_holdout --global_seed 42 --seed 42 --neighbor_shuffle_seed 42 --n_folds 5 --ablation srp_patch_signed_gated --out_dir ${GATEDSRP_TCGA_SURVIVAL_OUT:-runs/tcga_survival_global_seed_main} --wandb_mode ${WANDB_MODE:-disabled} --epochs ${EPOCHS_TCGA_SURVIVAL:-20} --grad_accum ${GRAD_ACCUM_TCGA_SURVIVAL:-1} --base_lr ${LR_TCGA_SURVIVAL:-1e-4} --weight_decay ${WD_TCGA_SURVIVAL:-1e-5} --feature_root ${TCGA_FEATURE_ROOT:?set TCGA_FEATURE_ROOT} --feature_key ${TCGA_FEATURE_KEY:-features/uni_v2} --delta_scale 2.0 --gate_hidden_dim 32 --gate_output_init zero --gate_activation tanh --gate_factorization full --label_csv ${TCGA_SURVIVAL_LABEL_CSV:?set TCGA_SURVIVAL_LABEL_CSV}
paper_tcga_survival	KIRP	OS	gated_post_attention	Gated SRP (ours)	43	2.0	32	reported_paper_config	tcga_survival_os_global_seed_main_kirp_gated_post_attention_s43	python -u slide_level_srp/train_survival.py --run_name tcga_survival_os_global_seed_main_kirp_gated_post_attention_s43 --cohort KIRP --endpoint OS --split_mode global_seed_holdout --global_seed 43 --seed 43 --neighbor_shuffle_seed 43 --n_folds 5 --ablation srp_patch_signed_gated --out_dir ${GATEDSRP_TCGA_SURVIVAL_OUT:-runs/tcga_survival_global_seed_main} --wandb_mode ${WANDB_MODE:-disabled} --epochs ${EPOCHS_TCGA_SURVIVAL:-20} --grad_accum ${GRAD_ACCUM_TCGA_SURVIVAL:-1} --base_lr ${LR_TCGA_SURVIVAL:-1e-4} --weight_decay ${WD_TCGA_SURVIVAL:-1e-5} --feature_root ${TCGA_FEATURE_ROOT:?set TCGA_FEATURE_ROOT} --feature_key ${TCGA_FEATURE_KEY:-features/uni_v2} --delta_scale 2.0 --gate_hidden_dim 32 --gate_output_init zero --gate_activation tanh --gate_factorization full --label_csv ${TCGA_SURVIVAL_LABEL_CSV:?set TCGA_SURVIVAL_LABEL_CSV}
paper_tcga_survival	KIRP	OS	gated_post_attention	Gated SRP (ours)	44	2.0	32	reported_paper_config	tcga_survival_os_global_seed_main_kirp_gated_post_attention_s44	python -u slide_level_srp/train_survival.py --run_name tcga_survival_os_global_seed_main_kirp_gated_post_attention_s44 --cohort KIRP --endpoint OS --split_mode global_seed_holdout --global_seed 44 --seed 44 --neighbor_shuffle_seed 44 --n_folds 5 --ablation srp_patch_signed_gated --out_dir ${GATEDSRP_TCGA_SURVIVAL_OUT:-runs/tcga_survival_global_seed_main} --wandb_mode ${WANDB_MODE:-disabled} --epochs ${EPOCHS_TCGA_SURVIVAL:-20} --grad_accum ${GRAD_ACCUM_TCGA_SURVIVAL:-1} --base_lr ${LR_TCGA_SURVIVAL:-1e-4} --weight_decay ${WD_TCGA_SURVIVAL:-1e-5} --feature_root ${TCGA_FEATURE_ROOT:?set TCGA_FEATURE_ROOT} --feature_key ${TCGA_FEATURE_KEY:-features/uni_v2} --delta_scale 2.0 --gate_hidden_dim 32 --gate_output_init zero --gate_activation tanh --gate_factorization full --label_csv ${TCGA_SURVIVAL_LABEL_CSV:?set TCGA_SURVIVAL_LABEL_CSV}
paper_tcga_survival	KIRP	OS	gated_post_attention	Gated SRP (ours)	45	2.0	32	reported_paper_config	tcga_survival_os_global_seed_main_kirp_gated_post_attention_s45	python -u slide_level_srp/train_survival.py --run_name tcga_survival_os_global_seed_main_kirp_gated_post_attention_s45 --cohort KIRP --endpoint OS --split_mode global_seed_holdout --global_seed 45 --seed 45 --neighbor_shuffle_seed 45 --n_folds 5 --ablation srp_patch_signed_gated --out_dir ${GATEDSRP_TCGA_SURVIVAL_OUT:-runs/tcga_survival_global_seed_main} --wandb_mode ${WANDB_MODE:-disabled} --epochs ${EPOCHS_TCGA_SURVIVAL:-20} --grad_accum ${GRAD_ACCUM_TCGA_SURVIVAL:-1} --base_lr ${LR_TCGA_SURVIVAL:-1e-4} --weight_decay ${WD_TCGA_SURVIVAL:-1e-5} --feature_root ${TCGA_FEATURE_ROOT:?set TCGA_FEATURE_ROOT} --feature_key ${TCGA_FEATURE_KEY:-features/uni_v2} --delta_scale 2.0 --gate_hidden_dim 32 --gate_output_init zero --gate_activation tanh --gate_factorization full --label_csv ${TCGA_SURVIVAL_LABEL_CSV:?set TCGA_SURVIVAL_LABEL_CSV}
paper_tcga_survival	KIRP	OS	gated_post_attention	Gated SRP (ours)	46	2.0	32	reported_paper_config	tcga_survival_os_global_seed_main_kirp_gated_post_attention_s46	python -u slide_level_srp/train_survival.py --run_name tcga_survival_os_global_seed_main_kirp_gated_post_attention_s46 --cohort KIRP --endpoint OS --split_mode global_seed_holdout --global_seed 46 --seed 46 --neighbor_shuffle_seed 46 --n_folds 5 --ablation srp_patch_signed_gated --out_dir ${GATEDSRP_TCGA_SURVIVAL_OUT:-runs/tcga_survival_global_seed_main} --wandb_mode ${WANDB_MODE:-disabled} --epochs ${EPOCHS_TCGA_SURVIVAL:-20} --grad_accum ${GRAD_ACCUM_TCGA_SURVIVAL:-1} --base_lr ${LR_TCGA_SURVIVAL:-1e-4} --weight_decay ${WD_TCGA_SURVIVAL:-1e-5} --feature_root ${TCGA_FEATURE_ROOT:?set TCGA_FEATURE_ROOT} --feature_key ${TCGA_FEATURE_KEY:-features/uni_v2} --delta_scale 2.0 --gate_hidden_dim 32 --gate_output_init zero --gate_activation tanh --gate_factorization full --label_csv ${TCGA_SURVIVAL_LABEL_CSV:?set TCGA_SURVIVAL_LABEL_CSV}
paper_tcga_survival	KIRP	OS	xsa_all_ref	XSA	42			not_applicable	tcga_survival_os_global_seed_main_kirp_xsa_all_ref_s42	python -u slide_level_srp/train_survival.py --run_name tcga_survival_os_global_seed_main_kirp_xsa_all_ref_s42 --cohort KIRP --endpoint OS --split_mode global_seed_holdout --global_seed 42 --seed 42 --neighbor_shuffle_seed 42 --n_folds 5 --ablation xsa_all_ref --out_dir ${GATEDSRP_TCGA_SURVIVAL_OUT:-runs/tcga_survival_global_seed_main} --wandb_mode ${WANDB_MODE:-disabled} --epochs ${EPOCHS_TCGA_SURVIVAL:-20} --grad_accum ${GRAD_ACCUM_TCGA_SURVIVAL:-1} --base_lr ${LR_TCGA_SURVIVAL:-1e-4} --weight_decay ${WD_TCGA_SURVIVAL:-1e-5} --feature_root ${TCGA_FEATURE_ROOT:?set TCGA_FEATURE_ROOT} --feature_key ${TCGA_FEATURE_KEY:-features/uni_v2} --label_csv ${TCGA_SURVIVAL_LABEL_CSV:?set TCGA_SURVIVAL_LABEL_CSV}
paper_tcga_survival	KIRP	OS	xsa_all_ref	XSA	43			not_applicable	tcga_survival_os_global_seed_main_kirp_xsa_all_ref_s43	python -u slide_level_srp/train_survival.py --run_name tcga_survival_os_global_seed_main_kirp_xsa_all_ref_s43 --cohort KIRP --endpoint OS --split_mode global_seed_holdout --global_seed 43 --seed 43 --neighbor_shuffle_seed 43 --n_folds 5 --ablation xsa_all_ref --out_dir ${GATEDSRP_TCGA_SURVIVAL_OUT:-runs/tcga_survival_global_seed_main} --wandb_mode ${WANDB_MODE:-disabled} --epochs ${EPOCHS_TCGA_SURVIVAL:-20} --grad_accum ${GRAD_ACCUM_TCGA_SURVIVAL:-1} --base_lr ${LR_TCGA_SURVIVAL:-1e-4} --weight_decay ${WD_TCGA_SURVIVAL:-1e-5} --feature_root ${TCGA_FEATURE_ROOT:?set TCGA_FEATURE_ROOT} --feature_key ${TCGA_FEATURE_KEY:-features/uni_v2} --label_csv ${TCGA_SURVIVAL_LABEL_CSV:?set TCGA_SURVIVAL_LABEL_CSV}
paper_tcga_survival	KIRP	OS	xsa_all_ref	XSA	44			not_applicable	tcga_survival_os_global_seed_main_kirp_xsa_all_ref_s44	python -u slide_level_srp/train_survival.py --run_name tcga_survival_os_global_seed_main_kirp_xsa_all_ref_s44 --cohort KIRP --endpoint OS --split_mode global_seed_holdout --global_seed 44 --seed 44 --neighbor_shuffle_seed 44 --n_folds 5 --ablation xsa_all_ref --out_dir ${GATEDSRP_TCGA_SURVIVAL_OUT:-runs/tcga_survival_global_seed_main} --wandb_mode ${WANDB_MODE:-disabled} --epochs ${EPOCHS_TCGA_SURVIVAL:-20} --grad_accum ${GRAD_ACCUM_TCGA_SURVIVAL:-1} --base_lr ${LR_TCGA_SURVIVAL:-1e-4} --weight_decay ${WD_TCGA_SURVIVAL:-1e-5} --feature_root ${TCGA_FEATURE_ROOT:?set TCGA_FEATURE_ROOT} --feature_key ${TCGA_FEATURE_KEY:-features/uni_v2} --label_csv ${TCGA_SURVIVAL_LABEL_CSV:?set TCGA_SURVIVAL_LABEL_CSV}
paper_tcga_survival	KIRP	OS	xsa_all_ref	XSA	45			not_applicable	tcga_survival_os_global_seed_main_kirp_xsa_all_ref_s45	python -u slide_level_srp/train_survival.py --run_name tcga_survival_os_global_seed_main_kirp_xsa_all_ref_s45 --cohort KIRP --endpoint OS --split_mode global_seed_holdout --global_seed 45 --seed 45 --neighbor_shuffle_seed 45 --n_folds 5 --ablation xsa_all_ref --out_dir ${GATEDSRP_TCGA_SURVIVAL_OUT:-runs/tcga_survival_global_seed_main} --wandb_mode ${WANDB_MODE:-disabled} --epochs ${EPOCHS_TCGA_SURVIVAL:-20} --grad_accum ${GRAD_ACCUM_TCGA_SURVIVAL:-1} --base_lr ${LR_TCGA_SURVIVAL:-1e-4} --weight_decay ${WD_TCGA_SURVIVAL:-1e-5} --feature_root ${TCGA_FEATURE_ROOT:?set TCGA_FEATURE_ROOT} --feature_key ${TCGA_FEATURE_KEY:-features/uni_v2} --label_csv ${TCGA_SURVIVAL_LABEL_CSV:?set TCGA_SURVIVAL_LABEL_CSV}
paper_tcga_survival	KIRP	OS	xsa_all_ref	XSA	46			not_applicable	tcga_survival_os_global_seed_main_kirp_xsa_all_ref_s46	python -u slide_level_srp/train_survival.py --run_name tcga_survival_os_global_seed_main_kirp_xsa_all_ref_s46 --cohort KIRP --endpoint OS --split_mode global_seed_holdout --global_seed 46 --seed 46 --neighbor_shuffle_seed 46 --n_folds 5 --ablation xsa_all_ref --out_dir ${GATEDSRP_TCGA_SURVIVAL_OUT:-runs/tcga_survival_global_seed_main} --wandb_mode ${WANDB_MODE:-disabled} --epochs ${EPOCHS_TCGA_SURVIVAL:-20} --grad_accum ${GRAD_ACCUM_TCGA_SURVIVAL:-1} --base_lr ${LR_TCGA_SURVIVAL:-1e-4} --weight_decay ${WD_TCGA_SURVIVAL:-1e-5} --feature_root ${TCGA_FEATURE_ROOT:?set TCGA_FEATURE_ROOT} --feature_key ${TCGA_FEATURE_KEY:-features/uni_v2} --label_csv ${TCGA_SURVIVAL_LABEL_CSV:?set TCGA_SURVIVAL_LABEL_CSV}
paper_tcga_survival	LUAD	OS	baseline	Standard SA	42	0	0	not_applicable	tcga_survival_os_global_seed_main_luad_baseline_s42	python -u slide_level_srp/train_survival.py --run_name tcga_survival_os_global_seed_main_luad_baseline_s42 --cohort LUAD --endpoint OS --split_mode global_seed_holdout --global_seed 42 --seed 42 --neighbor_shuffle_seed 42 --n_folds 5 --ablation baseline --out_dir ${GATEDSRP_TCGA_SURVIVAL_OUT:-runs/tcga_survival_global_seed_main} --wandb_mode ${WANDB_MODE:-disabled} --epochs ${EPOCHS_TCGA_SURVIVAL:-20} --grad_accum ${GRAD_ACCUM_TCGA_SURVIVAL:-1} --base_lr ${LR_TCGA_SURVIVAL:-1e-4} --weight_decay ${WD_TCGA_SURVIVAL:-1e-5} --feature_root ${TCGA_FEATURE_ROOT:?set TCGA_FEATURE_ROOT} --feature_key ${TCGA_FEATURE_KEY:-features/uni_v2} --label_csv ${TCGA_SURVIVAL_LABEL_CSV:?set TCGA_SURVIVAL_LABEL_CSV}
paper_tcga_survival	LUAD	OS	baseline	Standard SA	43	0	0	not_applicable	tcga_survival_os_global_seed_main_luad_baseline_s43	python -u slide_level_srp/train_survival.py --run_name tcga_survival_os_global_seed_main_luad_baseline_s43 --cohort LUAD --endpoint OS --split_mode global_seed_holdout --global_seed 43 --seed 43 --neighbor_shuffle_seed 43 --n_folds 5 --ablation baseline --out_dir ${GATEDSRP_TCGA_SURVIVAL_OUT:-runs/tcga_survival_global_seed_main} --wandb_mode ${WANDB_MODE:-disabled} --epochs ${EPOCHS_TCGA_SURVIVAL:-20} --grad_accum ${GRAD_ACCUM_TCGA_SURVIVAL:-1} --base_lr ${LR_TCGA_SURVIVAL:-1e-4} --weight_decay ${WD_TCGA_SURVIVAL:-1e-5} --feature_root ${TCGA_FEATURE_ROOT:?set TCGA_FEATURE_ROOT} --feature_key ${TCGA_FEATURE_KEY:-features/uni_v2} --label_csv ${TCGA_SURVIVAL_LABEL_CSV:?set TCGA_SURVIVAL_LABEL_CSV}
paper_tcga_survival	LUAD	OS	baseline	Standard SA	44	0	0	not_applicable	tcga_survival_os_global_seed_main_luad_baseline_s44	python -u slide_level_srp/train_survival.py --run_name tcga_survival_os_global_seed_main_luad_baseline_s44 --cohort LUAD --endpoint OS --split_mode global_seed_holdout --global_seed 44 --seed 44 --neighbor_shuffle_seed 44 --n_folds 5 --ablation baseline --out_dir ${GATEDSRP_TCGA_SURVIVAL_OUT:-runs/tcga_survival_global_seed_main} --wandb_mode ${WANDB_MODE:-disabled} --epochs ${EPOCHS_TCGA_SURVIVAL:-20} --grad_accum ${GRAD_ACCUM_TCGA_SURVIVAL:-1} --base_lr ${LR_TCGA_SURVIVAL:-1e-4} --weight_decay ${WD_TCGA_SURVIVAL:-1e-5} --feature_root ${TCGA_FEATURE_ROOT:?set TCGA_FEATURE_ROOT} --feature_key ${TCGA_FEATURE_KEY:-features/uni_v2} --label_csv ${TCGA_SURVIVAL_LABEL_CSV:?set TCGA_SURVIVAL_LABEL_CSV}
paper_tcga_survival	LUAD	OS	baseline	Standard SA	45	0	0	not_applicable	tcga_survival_os_global_seed_main_luad_baseline_s45	python -u slide_level_srp/train_survival.py --run_name tcga_survival_os_global_seed_main_luad_baseline_s45 --cohort LUAD --endpoint OS --split_mode global_seed_holdout --global_seed 45 --seed 45 --neighbor_shuffle_seed 45 --n_folds 5 --ablation baseline --out_dir ${GATEDSRP_TCGA_SURVIVAL_OUT:-runs/tcga_survival_global_seed_main} --wandb_mode ${WANDB_MODE:-disabled} --epochs ${EPOCHS_TCGA_SURVIVAL:-20} --grad_accum ${GRAD_ACCUM_TCGA_SURVIVAL:-1} --base_lr ${LR_TCGA_SURVIVAL:-1e-4} --weight_decay ${WD_TCGA_SURVIVAL:-1e-5} --feature_root ${TCGA_FEATURE_ROOT:?set TCGA_FEATURE_ROOT} --feature_key ${TCGA_FEATURE_KEY:-features/uni_v2} --label_csv ${TCGA_SURVIVAL_LABEL_CSV:?set TCGA_SURVIVAL_LABEL_CSV}
paper_tcga_survival	LUAD	OS	baseline	Standard SA	46	0	0	not_applicable	tcga_survival_os_global_seed_main_luad_baseline_s46	python -u slide_level_srp/train_survival.py --run_name tcga_survival_os_global_seed_main_luad_baseline_s46 --cohort LUAD --endpoint OS --split_mode global_seed_holdout --global_seed 46 --seed 46 --neighbor_shuffle_seed 46 --n_folds 5 --ablation baseline --out_dir ${GATEDSRP_TCGA_SURVIVAL_OUT:-runs/tcga_survival_global_seed_main} --wandb_mode ${WANDB_MODE:-disabled} --epochs ${EPOCHS_TCGA_SURVIVAL:-20} --grad_accum ${GRAD_ACCUM_TCGA_SURVIVAL:-1} --base_lr ${LR_TCGA_SURVIVAL:-1e-4} --weight_decay ${WD_TCGA_SURVIVAL:-1e-5} --feature_root ${TCGA_FEATURE_ROOT:?set TCGA_FEATURE_ROOT} --feature_key ${TCGA_FEATURE_KEY:-features/uni_v2} --label_csv ${TCGA_SURVIVAL_LABEL_CSV:?set TCGA_SURVIVAL_LABEL_CSV}
paper_tcga_survival	LUAD	OS	diff_transformer	Differential Transformer	42			not_applicable	tcga_survival_os_global_seed_main_luad_diff_transformer_s42	python -u slide_level_srp/train_survival.py --run_name tcga_survival_os_global_seed_main_luad_diff_transformer_s42 --cohort LUAD --endpoint OS --split_mode global_seed_holdout --global_seed 42 --seed 42 --neighbor_shuffle_seed 42 --n_folds 5 --ablation diff_transformer --out_dir ${GATEDSRP_TCGA_SURVIVAL_OUT:-runs/tcga_survival_global_seed_main} --wandb_mode ${WANDB_MODE:-disabled} --epochs ${EPOCHS_TCGA_SURVIVAL:-20} --grad_accum ${GRAD_ACCUM_TCGA_SURVIVAL:-1} --base_lr ${LR_TCGA_SURVIVAL:-1e-4} --weight_decay ${WD_TCGA_SURVIVAL:-1e-5} --feature_root ${TCGA_FEATURE_ROOT:?set TCGA_FEATURE_ROOT} --feature_key ${TCGA_FEATURE_KEY:-features/uni_v2} --label_csv ${TCGA_SURVIVAL_LABEL_CSV:?set TCGA_SURVIVAL_LABEL_CSV}
paper_tcga_survival	LUAD	OS	diff_transformer	Differential Transformer	43			not_applicable	tcga_survival_os_global_seed_main_luad_diff_transformer_s43	python -u slide_level_srp/train_survival.py --run_name tcga_survival_os_global_seed_main_luad_diff_transformer_s43 --cohort LUAD --endpoint OS --split_mode global_seed_holdout --global_seed 43 --seed 43 --neighbor_shuffle_seed 43 --n_folds 5 --ablation diff_transformer --out_dir ${GATEDSRP_TCGA_SURVIVAL_OUT:-runs/tcga_survival_global_seed_main} --wandb_mode ${WANDB_MODE:-disabled} --epochs ${EPOCHS_TCGA_SURVIVAL:-20} --grad_accum ${GRAD_ACCUM_TCGA_SURVIVAL:-1} --base_lr ${LR_TCGA_SURVIVAL:-1e-4} --weight_decay ${WD_TCGA_SURVIVAL:-1e-5} --feature_root ${TCGA_FEATURE_ROOT:?set TCGA_FEATURE_ROOT} --feature_key ${TCGA_FEATURE_KEY:-features/uni_v2} --label_csv ${TCGA_SURVIVAL_LABEL_CSV:?set TCGA_SURVIVAL_LABEL_CSV}
paper_tcga_survival	LUAD	OS	diff_transformer	Differential Transformer	44			not_applicable	tcga_survival_os_global_seed_main_luad_diff_transformer_s44	python -u slide_level_srp/train_survival.py --run_name tcga_survival_os_global_seed_main_luad_diff_transformer_s44 --cohort LUAD --endpoint OS --split_mode global_seed_holdout --global_seed 44 --seed 44 --neighbor_shuffle_seed 44 --n_folds 5 --ablation diff_transformer --out_dir ${GATEDSRP_TCGA_SURVIVAL_OUT:-runs/tcga_survival_global_seed_main} --wandb_mode ${WANDB_MODE:-disabled} --epochs ${EPOCHS_TCGA_SURVIVAL:-20} --grad_accum ${GRAD_ACCUM_TCGA_SURVIVAL:-1} --base_lr ${LR_TCGA_SURVIVAL:-1e-4} --weight_decay ${WD_TCGA_SURVIVAL:-1e-5} --feature_root ${TCGA_FEATURE_ROOT:?set TCGA_FEATURE_ROOT} --feature_key ${TCGA_FEATURE_KEY:-features/uni_v2} --label_csv ${TCGA_SURVIVAL_LABEL_CSV:?set TCGA_SURVIVAL_LABEL_CSV}
paper_tcga_survival	LUAD	OS	diff_transformer	Differential Transformer	45			not_applicable	tcga_survival_os_global_seed_main_luad_diff_transformer_s45	python -u slide_level_srp/train_survival.py --run_name tcga_survival_os_global_seed_main_luad_diff_transformer_s45 --cohort LUAD --endpoint OS --split_mode global_seed_holdout --global_seed 45 --seed 45 --neighbor_shuffle_seed 45 --n_folds 5 --ablation diff_transformer --out_dir ${GATEDSRP_TCGA_SURVIVAL_OUT:-runs/tcga_survival_global_seed_main} --wandb_mode ${WANDB_MODE:-disabled} --epochs ${EPOCHS_TCGA_SURVIVAL:-20} --grad_accum ${GRAD_ACCUM_TCGA_SURVIVAL:-1} --base_lr ${LR_TCGA_SURVIVAL:-1e-4} --weight_decay ${WD_TCGA_SURVIVAL:-1e-5} --feature_root ${TCGA_FEATURE_ROOT:?set TCGA_FEATURE_ROOT} --feature_key ${TCGA_FEATURE_KEY:-features/uni_v2} --label_csv ${TCGA_SURVIVAL_LABEL_CSV:?set TCGA_SURVIVAL_LABEL_CSV}
paper_tcga_survival	LUAD	OS	diff_transformer	Differential Transformer	46			not_applicable	tcga_survival_os_global_seed_main_luad_diff_transformer_s46	python -u slide_level_srp/train_survival.py --run_name tcga_survival_os_global_seed_main_luad_diff_transformer_s46 --cohort LUAD --endpoint OS --split_mode global_seed_holdout --global_seed 46 --seed 46 --neighbor_shuffle_seed 46 --n_folds 5 --ablation diff_transformer --out_dir ${GATEDSRP_TCGA_SURVIVAL_OUT:-runs/tcga_survival_global_seed_main} --wandb_mode ${WANDB_MODE:-disabled} --epochs ${EPOCHS_TCGA_SURVIVAL:-20} --grad_accum ${GRAD_ACCUM_TCGA_SURVIVAL:-1} --base_lr ${LR_TCGA_SURVIVAL:-1e-4} --weight_decay ${WD_TCGA_SURVIVAL:-1e-5} --feature_root ${TCGA_FEATURE_ROOT:?set TCGA_FEATURE_ROOT} --feature_key ${TCGA_FEATURE_KEY:-features/uni_v2} --label_csv ${TCGA_SURVIVAL_LABEL_CSV:?set TCGA_SURVIVAL_LABEL_CSV}
paper_tcga_survival	LUAD	OS	gated_post_attention	Gated SRP (ours)	42	1.0	128	reported_paper_config	tcga_survival_os_global_seed_main_luad_gated_post_attention_s42	python -u slide_level_srp/train_survival.py --run_name tcga_survival_os_global_seed_main_luad_gated_post_attention_s42 --cohort LUAD --endpoint OS --split_mode global_seed_holdout --global_seed 42 --seed 42 --neighbor_shuffle_seed 42 --n_folds 5 --ablation srp_patch_signed_gated --out_dir ${GATEDSRP_TCGA_SURVIVAL_OUT:-runs/tcga_survival_global_seed_main} --wandb_mode ${WANDB_MODE:-disabled} --epochs ${EPOCHS_TCGA_SURVIVAL:-20} --grad_accum ${GRAD_ACCUM_TCGA_SURVIVAL:-1} --base_lr ${LR_TCGA_SURVIVAL:-1e-4} --weight_decay ${WD_TCGA_SURVIVAL:-1e-5} --feature_root ${TCGA_FEATURE_ROOT:?set TCGA_FEATURE_ROOT} --feature_key ${TCGA_FEATURE_KEY:-features/uni_v2} --delta_scale 1.0 --gate_hidden_dim 128 --gate_output_init zero --gate_activation tanh --gate_factorization full --label_csv ${TCGA_SURVIVAL_LABEL_CSV:?set TCGA_SURVIVAL_LABEL_CSV}
paper_tcga_survival	LUAD	OS	gated_post_attention	Gated SRP (ours)	43	1.0	128	reported_paper_config	tcga_survival_os_global_seed_main_luad_gated_post_attention_s43	python -u slide_level_srp/train_survival.py --run_name tcga_survival_os_global_seed_main_luad_gated_post_attention_s43 --cohort LUAD --endpoint OS --split_mode global_seed_holdout --global_seed 43 --seed 43 --neighbor_shuffle_seed 43 --n_folds 5 --ablation srp_patch_signed_gated --out_dir ${GATEDSRP_TCGA_SURVIVAL_OUT:-runs/tcga_survival_global_seed_main} --wandb_mode ${WANDB_MODE:-disabled} --epochs ${EPOCHS_TCGA_SURVIVAL:-20} --grad_accum ${GRAD_ACCUM_TCGA_SURVIVAL:-1} --base_lr ${LR_TCGA_SURVIVAL:-1e-4} --weight_decay ${WD_TCGA_SURVIVAL:-1e-5} --feature_root ${TCGA_FEATURE_ROOT:?set TCGA_FEATURE_ROOT} --feature_key ${TCGA_FEATURE_KEY:-features/uni_v2} --delta_scale 1.0 --gate_hidden_dim 128 --gate_output_init zero --gate_activation tanh --gate_factorization full --label_csv ${TCGA_SURVIVAL_LABEL_CSV:?set TCGA_SURVIVAL_LABEL_CSV}
paper_tcga_survival	LUAD	OS	gated_post_attention	Gated SRP (ours)	44	1.0	128	reported_paper_config	tcga_survival_os_global_seed_main_luad_gated_post_attention_s44	python -u slide_level_srp/train_survival.py --run_name tcga_survival_os_global_seed_main_luad_gated_post_attention_s44 --cohort LUAD --endpoint OS --split_mode global_seed_holdout --global_seed 44 --seed 44 --neighbor_shuffle_seed 44 --n_folds 5 --ablation srp_patch_signed_gated --out_dir ${GATEDSRP_TCGA_SURVIVAL_OUT:-runs/tcga_survival_global_seed_main} --wandb_mode ${WANDB_MODE:-disabled} --epochs ${EPOCHS_TCGA_SURVIVAL:-20} --grad_accum ${GRAD_ACCUM_TCGA_SURVIVAL:-1} --base_lr ${LR_TCGA_SURVIVAL:-1e-4} --weight_decay ${WD_TCGA_SURVIVAL:-1e-5} --feature_root ${TCGA_FEATURE_ROOT:?set TCGA_FEATURE_ROOT} --feature_key ${TCGA_FEATURE_KEY:-features/uni_v2} --delta_scale 1.0 --gate_hidden_dim 128 --gate_output_init zero --gate_activation tanh --gate_factorization full --label_csv ${TCGA_SURVIVAL_LABEL_CSV:?set TCGA_SURVIVAL_LABEL_CSV}
paper_tcga_survival	LUAD	OS	gated_post_attention	Gated SRP (ours)	45	1.0	128	reported_paper_config	tcga_survival_os_global_seed_main_luad_gated_post_attention_s45	python -u slide_level_srp/train_survival.py --run_name tcga_survival_os_global_seed_main_luad_gated_post_attention_s45 --cohort LUAD --endpoint OS --split_mode global_seed_holdout --global_seed 45 --seed 45 --neighbor_shuffle_seed 45 --n_folds 5 --ablation srp_patch_signed_gated --out_dir ${GATEDSRP_TCGA_SURVIVAL_OUT:-runs/tcga_survival_global_seed_main} --wandb_mode ${WANDB_MODE:-disabled} --epochs ${EPOCHS_TCGA_SURVIVAL:-20} --grad_accum ${GRAD_ACCUM_TCGA_SURVIVAL:-1} --base_lr ${LR_TCGA_SURVIVAL:-1e-4} --weight_decay ${WD_TCGA_SURVIVAL:-1e-5} --feature_root ${TCGA_FEATURE_ROOT:?set TCGA_FEATURE_ROOT} --feature_key ${TCGA_FEATURE_KEY:-features/uni_v2} --delta_scale 1.0 --gate_hidden_dim 128 --gate_output_init zero --gate_activation tanh --gate_factorization full --label_csv ${TCGA_SURVIVAL_LABEL_CSV:?set TCGA_SURVIVAL_LABEL_CSV}
paper_tcga_survival	LUAD	OS	gated_post_attention	Gated SRP (ours)	46	1.0	128	reported_paper_config	tcga_survival_os_global_seed_main_luad_gated_post_attention_s46	python -u slide_level_srp/train_survival.py --run_name tcga_survival_os_global_seed_main_luad_gated_post_attention_s46 --cohort LUAD --endpoint OS --split_mode global_seed_holdout --global_seed 46 --seed 46 --neighbor_shuffle_seed 46 --n_folds 5 --ablation srp_patch_signed_gated --out_dir ${GATEDSRP_TCGA_SURVIVAL_OUT:-runs/tcga_survival_global_seed_main} --wandb_mode ${WANDB_MODE:-disabled} --epochs ${EPOCHS_TCGA_SURVIVAL:-20} --grad_accum ${GRAD_ACCUM_TCGA_SURVIVAL:-1} --base_lr ${LR_TCGA_SURVIVAL:-1e-4} --weight_decay ${WD_TCGA_SURVIVAL:-1e-5} --feature_root ${TCGA_FEATURE_ROOT:?set TCGA_FEATURE_ROOT} --feature_key ${TCGA_FEATURE_KEY:-features/uni_v2} --delta_scale 1.0 --gate_hidden_dim 128 --gate_output_init zero --gate_activation tanh --gate_factorization full --label_csv ${TCGA_SURVIVAL_LABEL_CSV:?set TCGA_SURVIVAL_LABEL_CSV}
paper_tcga_survival	LUAD	OS	xsa_all_ref	XSA	42			not_applicable	tcga_survival_os_global_seed_main_luad_xsa_all_ref_s42	python -u slide_level_srp/train_survival.py --run_name tcga_survival_os_global_seed_main_luad_xsa_all_ref_s42 --cohort LUAD --endpoint OS --split_mode global_seed_holdout --global_seed 42 --seed 42 --neighbor_shuffle_seed 42 --n_folds 5 --ablation xsa_all_ref --out_dir ${GATEDSRP_TCGA_SURVIVAL_OUT:-runs/tcga_survival_global_seed_main} --wandb_mode ${WANDB_MODE:-disabled} --epochs ${EPOCHS_TCGA_SURVIVAL:-20} --grad_accum ${GRAD_ACCUM_TCGA_SURVIVAL:-1} --base_lr ${LR_TCGA_SURVIVAL:-1e-4} --weight_decay ${WD_TCGA_SURVIVAL:-1e-5} --feature_root ${TCGA_FEATURE_ROOT:?set TCGA_FEATURE_ROOT} --feature_key ${TCGA_FEATURE_KEY:-features/uni_v2} --label_csv ${TCGA_SURVIVAL_LABEL_CSV:?set TCGA_SURVIVAL_LABEL_CSV}
paper_tcga_survival	LUAD	OS	xsa_all_ref	XSA	43			not_applicable	tcga_survival_os_global_seed_main_luad_xsa_all_ref_s43	python -u slide_level_srp/train_survival.py --run_name tcga_survival_os_global_seed_main_luad_xsa_all_ref_s43 --cohort LUAD --endpoint OS --split_mode global_seed_holdout --global_seed 43 --seed 43 --neighbor_shuffle_seed 43 --n_folds 5 --ablation xsa_all_ref --out_dir ${GATEDSRP_TCGA_SURVIVAL_OUT:-runs/tcga_survival_global_seed_main} --wandb_mode ${WANDB_MODE:-disabled} --epochs ${EPOCHS_TCGA_SURVIVAL:-20} --grad_accum ${GRAD_ACCUM_TCGA_SURVIVAL:-1} --base_lr ${LR_TCGA_SURVIVAL:-1e-4} --weight_decay ${WD_TCGA_SURVIVAL:-1e-5} --feature_root ${TCGA_FEATURE_ROOT:?set TCGA_FEATURE_ROOT} --feature_key ${TCGA_FEATURE_KEY:-features/uni_v2} --label_csv ${TCGA_SURVIVAL_LABEL_CSV:?set TCGA_SURVIVAL_LABEL_CSV}
paper_tcga_survival	LUAD	OS	xsa_all_ref	XSA	44			not_applicable	tcga_survival_os_global_seed_main_luad_xsa_all_ref_s44	python -u slide_level_srp/train_survival.py --run_name tcga_survival_os_global_seed_main_luad_xsa_all_ref_s44 --cohort LUAD --endpoint OS --split_mode global_seed_holdout --global_seed 44 --seed 44 --neighbor_shuffle_seed 44 --n_folds 5 --ablation xsa_all_ref --out_dir ${GATEDSRP_TCGA_SURVIVAL_OUT:-runs/tcga_survival_global_seed_main} --wandb_mode ${WANDB_MODE:-disabled} --epochs ${EPOCHS_TCGA_SURVIVAL:-20} --grad_accum ${GRAD_ACCUM_TCGA_SURVIVAL:-1} --base_lr ${LR_TCGA_SURVIVAL:-1e-4} --weight_decay ${WD_TCGA_SURVIVAL:-1e-5} --feature_root ${TCGA_FEATURE_ROOT:?set TCGA_FEATURE_ROOT} --feature_key ${TCGA_FEATURE_KEY:-features/uni_v2} --label_csv ${TCGA_SURVIVAL_LABEL_CSV:?set TCGA_SURVIVAL_LABEL_CSV}
paper_tcga_survival	LUAD	OS	xsa_all_ref	XSA	45			not_applicable	tcga_survival_os_global_seed_main_luad_xsa_all_ref_s45	python -u slide_level_srp/train_survival.py --run_name tcga_survival_os_global_seed_main_luad_xsa_all_ref_s45 --cohort LUAD --endpoint OS --split_mode global_seed_holdout --global_seed 45 --seed 45 --neighbor_shuffle_seed 45 --n_folds 5 --ablation xsa_all_ref --out_dir ${GATEDSRP_TCGA_SURVIVAL_OUT:-runs/tcga_survival_global_seed_main} --wandb_mode ${WANDB_MODE:-disabled} --epochs ${EPOCHS_TCGA_SURVIVAL:-20} --grad_accum ${GRAD_ACCUM_TCGA_SURVIVAL:-1} --base_lr ${LR_TCGA_SURVIVAL:-1e-4} --weight_decay ${WD_TCGA_SURVIVAL:-1e-5} --feature_root ${TCGA_FEATURE_ROOT:?set TCGA_FEATURE_ROOT} --feature_key ${TCGA_FEATURE_KEY:-features/uni_v2} --label_csv ${TCGA_SURVIVAL_LABEL_CSV:?set TCGA_SURVIVAL_LABEL_CSV}
paper_tcga_survival	LUAD	OS	xsa_all_ref	XSA	46			not_applicable	tcga_survival_os_global_seed_main_luad_xsa_all_ref_s46	python -u slide_level_srp/train_survival.py --run_name tcga_survival_os_global_seed_main_luad_xsa_all_ref_s46 --cohort LUAD --endpoint OS --split_mode global_seed_holdout --global_seed 46 --seed 46 --neighbor_shuffle_seed 46 --n_folds 5 --ablation xsa_all_ref --out_dir ${GATEDSRP_TCGA_SURVIVAL_OUT:-runs/tcga_survival_global_seed_main} --wandb_mode ${WANDB_MODE:-disabled} --epochs ${EPOCHS_TCGA_SURVIVAL:-20} --grad_accum ${GRAD_ACCUM_TCGA_SURVIVAL:-1} --base_lr ${LR_TCGA_SURVIVAL:-1e-4} --weight_decay ${WD_TCGA_SURVIVAL:-1e-5} --feature_root ${TCGA_FEATURE_ROOT:?set TCGA_FEATURE_ROOT} --feature_key ${TCGA_FEATURE_KEY:-features/uni_v2} --label_csv ${TCGA_SURVIVAL_LABEL_CSV:?set TCGA_SURVIVAL_LABEL_CSV}
paper_tcga_survival	STAD	OS	baseline	Standard SA	42	0	0	not_applicable	tcga_survival_os_global_seed_main_stad_baseline_s42	python -u slide_level_srp/train_survival.py --run_name tcga_survival_os_global_seed_main_stad_baseline_s42 --cohort STAD --endpoint OS --split_mode global_seed_holdout --global_seed 42 --seed 42 --neighbor_shuffle_seed 42 --n_folds 5 --ablation baseline --out_dir ${GATEDSRP_TCGA_SURVIVAL_OUT:-runs/tcga_survival_global_seed_main} --wandb_mode ${WANDB_MODE:-disabled} --epochs ${EPOCHS_TCGA_SURVIVAL:-20} --grad_accum ${GRAD_ACCUM_TCGA_SURVIVAL:-1} --base_lr ${LR_TCGA_SURVIVAL:-1e-4} --weight_decay ${WD_TCGA_SURVIVAL:-1e-5} --feature_root ${TCGA_FEATURE_ROOT:?set TCGA_FEATURE_ROOT} --feature_key ${TCGA_FEATURE_KEY:-features/uni_v2} --label_csv ${TCGA_SURVIVAL_LABEL_CSV:?set TCGA_SURVIVAL_LABEL_CSV}
paper_tcga_survival	STAD	OS	baseline	Standard SA	43	0	0	not_applicable	tcga_survival_os_global_seed_main_stad_baseline_s43	python -u slide_level_srp/train_survival.py --run_name tcga_survival_os_global_seed_main_stad_baseline_s43 --cohort STAD --endpoint OS --split_mode global_seed_holdout --global_seed 43 --seed 43 --neighbor_shuffle_seed 43 --n_folds 5 --ablation baseline --out_dir ${GATEDSRP_TCGA_SURVIVAL_OUT:-runs/tcga_survival_global_seed_main} --wandb_mode ${WANDB_MODE:-disabled} --epochs ${EPOCHS_TCGA_SURVIVAL:-20} --grad_accum ${GRAD_ACCUM_TCGA_SURVIVAL:-1} --base_lr ${LR_TCGA_SURVIVAL:-1e-4} --weight_decay ${WD_TCGA_SURVIVAL:-1e-5} --feature_root ${TCGA_FEATURE_ROOT:?set TCGA_FEATURE_ROOT} --feature_key ${TCGA_FEATURE_KEY:-features/uni_v2} --label_csv ${TCGA_SURVIVAL_LABEL_CSV:?set TCGA_SURVIVAL_LABEL_CSV}
paper_tcga_survival	STAD	OS	baseline	Standard SA	44	0	0	not_applicable	tcga_survival_os_global_seed_main_stad_baseline_s44	python -u slide_level_srp/train_survival.py --run_name tcga_survival_os_global_seed_main_stad_baseline_s44 --cohort STAD --endpoint OS --split_mode global_seed_holdout --global_seed 44 --seed 44 --neighbor_shuffle_seed 44 --n_folds 5 --ablation baseline --out_dir ${GATEDSRP_TCGA_SURVIVAL_OUT:-runs/tcga_survival_global_seed_main} --wandb_mode ${WANDB_MODE:-disabled} --epochs ${EPOCHS_TCGA_SURVIVAL:-20} --grad_accum ${GRAD_ACCUM_TCGA_SURVIVAL:-1} --base_lr ${LR_TCGA_SURVIVAL:-1e-4} --weight_decay ${WD_TCGA_SURVIVAL:-1e-5} --feature_root ${TCGA_FEATURE_ROOT:?set TCGA_FEATURE_ROOT} --feature_key ${TCGA_FEATURE_KEY:-features/uni_v2} --label_csv ${TCGA_SURVIVAL_LABEL_CSV:?set TCGA_SURVIVAL_LABEL_CSV}
paper_tcga_survival	STAD	OS	baseline	Standard SA	45	0	0	not_applicable	tcga_survival_os_global_seed_main_stad_baseline_s45	python -u slide_level_srp/train_survival.py --run_name tcga_survival_os_global_seed_main_stad_baseline_s45 --cohort STAD --endpoint OS --split_mode global_seed_holdout --global_seed 45 --seed 45 --neighbor_shuffle_seed 45 --n_folds 5 --ablation baseline --out_dir ${GATEDSRP_TCGA_SURVIVAL_OUT:-runs/tcga_survival_global_seed_main} --wandb_mode ${WANDB_MODE:-disabled} --epochs ${EPOCHS_TCGA_SURVIVAL:-20} --grad_accum ${GRAD_ACCUM_TCGA_SURVIVAL:-1} --base_lr ${LR_TCGA_SURVIVAL:-1e-4} --weight_decay ${WD_TCGA_SURVIVAL:-1e-5} --feature_root ${TCGA_FEATURE_ROOT:?set TCGA_FEATURE_ROOT} --feature_key ${TCGA_FEATURE_KEY:-features/uni_v2} --label_csv ${TCGA_SURVIVAL_LABEL_CSV:?set TCGA_SURVIVAL_LABEL_CSV}
paper_tcga_survival	STAD	OS	baseline	Standard SA	46	0	0	not_applicable	tcga_survival_os_global_seed_main_stad_baseline_s46	python -u slide_level_srp/train_survival.py --run_name tcga_survival_os_global_seed_main_stad_baseline_s46 --cohort STAD --endpoint OS --split_mode global_seed_holdout --global_seed 46 --seed 46 --neighbor_shuffle_seed 46 --n_folds 5 --ablation baseline --out_dir ${GATEDSRP_TCGA_SURVIVAL_OUT:-runs/tcga_survival_global_seed_main} --wandb_mode ${WANDB_MODE:-disabled} --epochs ${EPOCHS_TCGA_SURVIVAL:-20} --grad_accum ${GRAD_ACCUM_TCGA_SURVIVAL:-1} --base_lr ${LR_TCGA_SURVIVAL:-1e-4} --weight_decay ${WD_TCGA_SURVIVAL:-1e-5} --feature_root ${TCGA_FEATURE_ROOT:?set TCGA_FEATURE_ROOT} --feature_key ${TCGA_FEATURE_KEY:-features/uni_v2} --label_csv ${TCGA_SURVIVAL_LABEL_CSV:?set TCGA_SURVIVAL_LABEL_CSV}
paper_tcga_survival	STAD	OS	diff_transformer	Differential Transformer	42			not_applicable	tcga_survival_os_global_seed_main_stad_diff_transformer_s42	python -u slide_level_srp/train_survival.py --run_name tcga_survival_os_global_seed_main_stad_diff_transformer_s42 --cohort STAD --endpoint OS --split_mode global_seed_holdout --global_seed 42 --seed 42 --neighbor_shuffle_seed 42 --n_folds 5 --ablation diff_transformer --out_dir ${GATEDSRP_TCGA_SURVIVAL_OUT:-runs/tcga_survival_global_seed_main} --wandb_mode ${WANDB_MODE:-disabled} --epochs ${EPOCHS_TCGA_SURVIVAL:-20} --grad_accum ${GRAD_ACCUM_TCGA_SURVIVAL:-1} --base_lr ${LR_TCGA_SURVIVAL:-1e-4} --weight_decay ${WD_TCGA_SURVIVAL:-1e-5} --feature_root ${TCGA_FEATURE_ROOT:?set TCGA_FEATURE_ROOT} --feature_key ${TCGA_FEATURE_KEY:-features/uni_v2} --label_csv ${TCGA_SURVIVAL_LABEL_CSV:?set TCGA_SURVIVAL_LABEL_CSV}
paper_tcga_survival	STAD	OS	diff_transformer	Differential Transformer	43			not_applicable	tcga_survival_os_global_seed_main_stad_diff_transformer_s43	python -u slide_level_srp/train_survival.py --run_name tcga_survival_os_global_seed_main_stad_diff_transformer_s43 --cohort STAD --endpoint OS --split_mode global_seed_holdout --global_seed 43 --seed 43 --neighbor_shuffle_seed 43 --n_folds 5 --ablation diff_transformer --out_dir ${GATEDSRP_TCGA_SURVIVAL_OUT:-runs/tcga_survival_global_seed_main} --wandb_mode ${WANDB_MODE:-disabled} --epochs ${EPOCHS_TCGA_SURVIVAL:-20} --grad_accum ${GRAD_ACCUM_TCGA_SURVIVAL:-1} --base_lr ${LR_TCGA_SURVIVAL:-1e-4} --weight_decay ${WD_TCGA_SURVIVAL:-1e-5} --feature_root ${TCGA_FEATURE_ROOT:?set TCGA_FEATURE_ROOT} --feature_key ${TCGA_FEATURE_KEY:-features/uni_v2} --label_csv ${TCGA_SURVIVAL_LABEL_CSV:?set TCGA_SURVIVAL_LABEL_CSV}
paper_tcga_survival	STAD	OS	diff_transformer	Differential Transformer	44			not_applicable	tcga_survival_os_global_seed_main_stad_diff_transformer_s44	python -u slide_level_srp/train_survival.py --run_name tcga_survival_os_global_seed_main_stad_diff_transformer_s44 --cohort STAD --endpoint OS --split_mode global_seed_holdout --global_seed 44 --seed 44 --neighbor_shuffle_seed 44 --n_folds 5 --ablation diff_transformer --out_dir ${GATEDSRP_TCGA_SURVIVAL_OUT:-runs/tcga_survival_global_seed_main} --wandb_mode ${WANDB_MODE:-disabled} --epochs ${EPOCHS_TCGA_SURVIVAL:-20} --grad_accum ${GRAD_ACCUM_TCGA_SURVIVAL:-1} --base_lr ${LR_TCGA_SURVIVAL:-1e-4} --weight_decay ${WD_TCGA_SURVIVAL:-1e-5} --feature_root ${TCGA_FEATURE_ROOT:?set TCGA_FEATURE_ROOT} --feature_key ${TCGA_FEATURE_KEY:-features/uni_v2} --label_csv ${TCGA_SURVIVAL_LABEL_CSV:?set TCGA_SURVIVAL_LABEL_CSV}
paper_tcga_survival	STAD	OS	diff_transformer	Differential Transformer	45			not_applicable	tcga_survival_os_global_seed_main_stad_diff_transformer_s45	python -u slide_level_srp/train_survival.py --run_name tcga_survival_os_global_seed_main_stad_diff_transformer_s45 --cohort STAD --endpoint OS --split_mode global_seed_holdout --global_seed 45 --seed 45 --neighbor_shuffle_seed 45 --n_folds 5 --ablation diff_transformer --out_dir ${GATEDSRP_TCGA_SURVIVAL_OUT:-runs/tcga_survival_global_seed_main} --wandb_mode ${WANDB_MODE:-disabled} --epochs ${EPOCHS_TCGA_SURVIVAL:-20} --grad_accum ${GRAD_ACCUM_TCGA_SURVIVAL:-1} --base_lr ${LR_TCGA_SURVIVAL:-1e-4} --weight_decay ${WD_TCGA_SURVIVAL:-1e-5} --feature_root ${TCGA_FEATURE_ROOT:?set TCGA_FEATURE_ROOT} --feature_key ${TCGA_FEATURE_KEY:-features/uni_v2} --label_csv ${TCGA_SURVIVAL_LABEL_CSV:?set TCGA_SURVIVAL_LABEL_CSV}
paper_tcga_survival	STAD	OS	diff_transformer	Differential Transformer	46			not_applicable	tcga_survival_os_global_seed_main_stad_diff_transformer_s46	python -u slide_level_srp/train_survival.py --run_name tcga_survival_os_global_seed_main_stad_diff_transformer_s46 --cohort STAD --endpoint OS --split_mode global_seed_holdout --global_seed 46 --seed 46 --neighbor_shuffle_seed 46 --n_folds 5 --ablation diff_transformer --out_dir ${GATEDSRP_TCGA_SURVIVAL_OUT:-runs/tcga_survival_global_seed_main} --wandb_mode ${WANDB_MODE:-disabled} --epochs ${EPOCHS_TCGA_SURVIVAL:-20} --grad_accum ${GRAD_ACCUM_TCGA_SURVIVAL:-1} --base_lr ${LR_TCGA_SURVIVAL:-1e-4} --weight_decay ${WD_TCGA_SURVIVAL:-1e-5} --feature_root ${TCGA_FEATURE_ROOT:?set TCGA_FEATURE_ROOT} --feature_key ${TCGA_FEATURE_KEY:-features/uni_v2} --label_csv ${TCGA_SURVIVAL_LABEL_CSV:?set TCGA_SURVIVAL_LABEL_CSV}
paper_tcga_survival	STAD	OS	gated_post_attention	Gated SRP (ours)	42	0.5	128	reported_paper_config	tcga_survival_os_global_seed_main_stad_gated_post_attention_s42	python -u slide_level_srp/train_survival.py --run_name tcga_survival_os_global_seed_main_stad_gated_post_attention_s42 --cohort STAD --endpoint OS --split_mode global_seed_holdout --global_seed 42 --seed 42 --neighbor_shuffle_seed 42 --n_folds 5 --ablation srp_patch_signed_gated --out_dir ${GATEDSRP_TCGA_SURVIVAL_OUT:-runs/tcga_survival_global_seed_main} --wandb_mode ${WANDB_MODE:-disabled} --epochs ${EPOCHS_TCGA_SURVIVAL:-20} --grad_accum ${GRAD_ACCUM_TCGA_SURVIVAL:-1} --base_lr ${LR_TCGA_SURVIVAL:-1e-4} --weight_decay ${WD_TCGA_SURVIVAL:-1e-5} --feature_root ${TCGA_FEATURE_ROOT:?set TCGA_FEATURE_ROOT} --feature_key ${TCGA_FEATURE_KEY:-features/uni_v2} --delta_scale 0.5 --gate_hidden_dim 128 --gate_output_init zero --gate_activation tanh --gate_factorization full --label_csv ${TCGA_SURVIVAL_LABEL_CSV:?set TCGA_SURVIVAL_LABEL_CSV}
paper_tcga_survival	STAD	OS	gated_post_attention	Gated SRP (ours)	43	0.5	128	reported_paper_config	tcga_survival_os_global_seed_main_stad_gated_post_attention_s43	python -u slide_level_srp/train_survival.py --run_name tcga_survival_os_global_seed_main_stad_gated_post_attention_s43 --cohort STAD --endpoint OS --split_mode global_seed_holdout --global_seed 43 --seed 43 --neighbor_shuffle_seed 43 --n_folds 5 --ablation srp_patch_signed_gated --out_dir ${GATEDSRP_TCGA_SURVIVAL_OUT:-runs/tcga_survival_global_seed_main} --wandb_mode ${WANDB_MODE:-disabled} --epochs ${EPOCHS_TCGA_SURVIVAL:-20} --grad_accum ${GRAD_ACCUM_TCGA_SURVIVAL:-1} --base_lr ${LR_TCGA_SURVIVAL:-1e-4} --weight_decay ${WD_TCGA_SURVIVAL:-1e-5} --feature_root ${TCGA_FEATURE_ROOT:?set TCGA_FEATURE_ROOT} --feature_key ${TCGA_FEATURE_KEY:-features/uni_v2} --delta_scale 0.5 --gate_hidden_dim 128 --gate_output_init zero --gate_activation tanh --gate_factorization full --label_csv ${TCGA_SURVIVAL_LABEL_CSV:?set TCGA_SURVIVAL_LABEL_CSV}
paper_tcga_survival	STAD	OS	gated_post_attention	Gated SRP (ours)	44	0.5	128	reported_paper_config	tcga_survival_os_global_seed_main_stad_gated_post_attention_s44	python -u slide_level_srp/train_survival.py --run_name tcga_survival_os_global_seed_main_stad_gated_post_attention_s44 --cohort STAD --endpoint OS --split_mode global_seed_holdout --global_seed 44 --seed 44 --neighbor_shuffle_seed 44 --n_folds 5 --ablation srp_patch_signed_gated --out_dir ${GATEDSRP_TCGA_SURVIVAL_OUT:-runs/tcga_survival_global_seed_main} --wandb_mode ${WANDB_MODE:-disabled} --epochs ${EPOCHS_TCGA_SURVIVAL:-20} --grad_accum ${GRAD_ACCUM_TCGA_SURVIVAL:-1} --base_lr ${LR_TCGA_SURVIVAL:-1e-4} --weight_decay ${WD_TCGA_SURVIVAL:-1e-5} --feature_root ${TCGA_FEATURE_ROOT:?set TCGA_FEATURE_ROOT} --feature_key ${TCGA_FEATURE_KEY:-features/uni_v2} --delta_scale 0.5 --gate_hidden_dim 128 --gate_output_init zero --gate_activation tanh --gate_factorization full --label_csv ${TCGA_SURVIVAL_LABEL_CSV:?set TCGA_SURVIVAL_LABEL_CSV}
paper_tcga_survival	STAD	OS	gated_post_attention	Gated SRP (ours)	45	0.5	128	reported_paper_config	tcga_survival_os_global_seed_main_stad_gated_post_attention_s45	python -u slide_level_srp/train_survival.py --run_name tcga_survival_os_global_seed_main_stad_gated_post_attention_s45 --cohort STAD --endpoint OS --split_mode global_seed_holdout --global_seed 45 --seed 45 --neighbor_shuffle_seed 45 --n_folds 5 --ablation srp_patch_signed_gated --out_dir ${GATEDSRP_TCGA_SURVIVAL_OUT:-runs/tcga_survival_global_seed_main} --wandb_mode ${WANDB_MODE:-disabled} --epochs ${EPOCHS_TCGA_SURVIVAL:-20} --grad_accum ${GRAD_ACCUM_TCGA_SURVIVAL:-1} --base_lr ${LR_TCGA_SURVIVAL:-1e-4} --weight_decay ${WD_TCGA_SURVIVAL:-1e-5} --feature_root ${TCGA_FEATURE_ROOT:?set TCGA_FEATURE_ROOT} --feature_key ${TCGA_FEATURE_KEY:-features/uni_v2} --delta_scale 0.5 --gate_hidden_dim 128 --gate_output_init zero --gate_activation tanh --gate_factorization full --label_csv ${TCGA_SURVIVAL_LABEL_CSV:?set TCGA_SURVIVAL_LABEL_CSV}
paper_tcga_survival	STAD	OS	gated_post_attention	Gated SRP (ours)	46	0.5	128	reported_paper_config	tcga_survival_os_global_seed_main_stad_gated_post_attention_s46	python -u slide_level_srp/train_survival.py --run_name tcga_survival_os_global_seed_main_stad_gated_post_attention_s46 --cohort STAD --endpoint OS --split_mode global_seed_holdout --global_seed 46 --seed 46 --neighbor_shuffle_seed 46 --n_folds 5 --ablation srp_patch_signed_gated --out_dir ${GATEDSRP_TCGA_SURVIVAL_OUT:-runs/tcga_survival_global_seed_main} --wandb_mode ${WANDB_MODE:-disabled} --epochs ${EPOCHS_TCGA_SURVIVAL:-20} --grad_accum ${GRAD_ACCUM_TCGA_SURVIVAL:-1} --base_lr ${LR_TCGA_SURVIVAL:-1e-4} --weight_decay ${WD_TCGA_SURVIVAL:-1e-5} --feature_root ${TCGA_FEATURE_ROOT:?set TCGA_FEATURE_ROOT} --feature_key ${TCGA_FEATURE_KEY:-features/uni_v2} --delta_scale 0.5 --gate_hidden_dim 128 --gate_output_init zero --gate_activation tanh --gate_factorization full --label_csv ${TCGA_SURVIVAL_LABEL_CSV:?set TCGA_SURVIVAL_LABEL_CSV}
paper_tcga_survival	STAD	OS	xsa_all_ref	XSA	42			not_applicable	tcga_survival_os_global_seed_main_stad_xsa_all_ref_s42	python -u slide_level_srp/train_survival.py --run_name tcga_survival_os_global_seed_main_stad_xsa_all_ref_s42 --cohort STAD --endpoint OS --split_mode global_seed_holdout --global_seed 42 --seed 42 --neighbor_shuffle_seed 42 --n_folds 5 --ablation xsa_all_ref --out_dir ${GATEDSRP_TCGA_SURVIVAL_OUT:-runs/tcga_survival_global_seed_main} --wandb_mode ${WANDB_MODE:-disabled} --epochs ${EPOCHS_TCGA_SURVIVAL:-20} --grad_accum ${GRAD_ACCUM_TCGA_SURVIVAL:-1} --base_lr ${LR_TCGA_SURVIVAL:-1e-4} --weight_decay ${WD_TCGA_SURVIVAL:-1e-5} --feature_root ${TCGA_FEATURE_ROOT:?set TCGA_FEATURE_ROOT} --feature_key ${TCGA_FEATURE_KEY:-features/uni_v2} --label_csv ${TCGA_SURVIVAL_LABEL_CSV:?set TCGA_SURVIVAL_LABEL_CSV}
paper_tcga_survival	STAD	OS	xsa_all_ref	XSA	43			not_applicable	tcga_survival_os_global_seed_main_stad_xsa_all_ref_s43	python -u slide_level_srp/train_survival.py --run_name tcga_survival_os_global_seed_main_stad_xsa_all_ref_s43 --cohort STAD --endpoint OS --split_mode global_seed_holdout --global_seed 43 --seed 43 --neighbor_shuffle_seed 43 --n_folds 5 --ablation xsa_all_ref --out_dir ${GATEDSRP_TCGA_SURVIVAL_OUT:-runs/tcga_survival_global_seed_main} --wandb_mode ${WANDB_MODE:-disabled} --epochs ${EPOCHS_TCGA_SURVIVAL:-20} --grad_accum ${GRAD_ACCUM_TCGA_SURVIVAL:-1} --base_lr ${LR_TCGA_SURVIVAL:-1e-4} --weight_decay ${WD_TCGA_SURVIVAL:-1e-5} --feature_root ${TCGA_FEATURE_ROOT:?set TCGA_FEATURE_ROOT} --feature_key ${TCGA_FEATURE_KEY:-features/uni_v2} --label_csv ${TCGA_SURVIVAL_LABEL_CSV:?set TCGA_SURVIVAL_LABEL_CSV}
paper_tcga_survival	STAD	OS	xsa_all_ref	XSA	44			not_applicable	tcga_survival_os_global_seed_main_stad_xsa_all_ref_s44	python -u slide_level_srp/train_survival.py --run_name tcga_survival_os_global_seed_main_stad_xsa_all_ref_s44 --cohort STAD --endpoint OS --split_mode global_seed_holdout --global_seed 44 --seed 44 --neighbor_shuffle_seed 44 --n_folds 5 --ablation xsa_all_ref --out_dir ${GATEDSRP_TCGA_SURVIVAL_OUT:-runs/tcga_survival_global_seed_main} --wandb_mode ${WANDB_MODE:-disabled} --epochs ${EPOCHS_TCGA_SURVIVAL:-20} --grad_accum ${GRAD_ACCUM_TCGA_SURVIVAL:-1} --base_lr ${LR_TCGA_SURVIVAL:-1e-4} --weight_decay ${WD_TCGA_SURVIVAL:-1e-5} --feature_root ${TCGA_FEATURE_ROOT:?set TCGA_FEATURE_ROOT} --feature_key ${TCGA_FEATURE_KEY:-features/uni_v2} --label_csv ${TCGA_SURVIVAL_LABEL_CSV:?set TCGA_SURVIVAL_LABEL_CSV}
paper_tcga_survival	STAD	OS	xsa_all_ref	XSA	45			not_applicable	tcga_survival_os_global_seed_main_stad_xsa_all_ref_s45	python -u slide_level_srp/train_survival.py --run_name tcga_survival_os_global_seed_main_stad_xsa_all_ref_s45 --cohort STAD --endpoint OS --split_mode global_seed_holdout --global_seed 45 --seed 45 --neighbor_shuffle_seed 45 --n_folds 5 --ablation xsa_all_ref --out_dir ${GATEDSRP_TCGA_SURVIVAL_OUT:-runs/tcga_survival_global_seed_main} --wandb_mode ${WANDB_MODE:-disabled} --epochs ${EPOCHS_TCGA_SURVIVAL:-20} --grad_accum ${GRAD_ACCUM_TCGA_SURVIVAL:-1} --base_lr ${LR_TCGA_SURVIVAL:-1e-4} --weight_decay ${WD_TCGA_SURVIVAL:-1e-5} --feature_root ${TCGA_FEATURE_ROOT:?set TCGA_FEATURE_ROOT} --feature_key ${TCGA_FEATURE_KEY:-features/uni_v2} --label_csv ${TCGA_SURVIVAL_LABEL_CSV:?set TCGA_SURVIVAL_LABEL_CSV}
paper_tcga_survival	STAD	OS	xsa_all_ref	XSA	46			not_applicable	tcga_survival_os_global_seed_main_stad_xsa_all_ref_s46	python -u slide_level_srp/train_survival.py --run_name tcga_survival_os_global_seed_main_stad_xsa_all_ref_s46 --cohort STAD --endpoint OS --split_mode global_seed_holdout --global_seed 46 --seed 46 --neighbor_shuffle_seed 46 --n_folds 5 --ablation xsa_all_ref --out_dir ${GATEDSRP_TCGA_SURVIVAL_OUT:-runs/tcga_survival_global_seed_main} --wandb_mode ${WANDB_MODE:-disabled} --epochs ${EPOCHS_TCGA_SURVIVAL:-20} --grad_accum ${GRAD_ACCUM_TCGA_SURVIVAL:-1} --base_lr ${LR_TCGA_SURVIVAL:-1e-4} --weight_decay ${WD_TCGA_SURVIVAL:-1e-5} --feature_root ${TCGA_FEATURE_ROOT:?set TCGA_FEATURE_ROOT} --feature_key ${TCGA_FEATURE_KEY:-features/uni_v2} --label_csv ${TCGA_SURVIVAL_LABEL_CSV:?set TCGA_SURVIVAL_LABEL_CSV}
paper_tcga_survival	UCEC	OS	baseline	Standard SA	42	0	0	not_applicable	tcga_survival_os_global_seed_main_ucec_baseline_s42	python -u slide_level_srp/train_survival.py --run_name tcga_survival_os_global_seed_main_ucec_baseline_s42 --cohort UCEC --endpoint OS --split_mode global_seed_holdout --global_seed 42 --seed 42 --neighbor_shuffle_seed 42 --n_folds 5 --ablation baseline --out_dir ${GATEDSRP_TCGA_SURVIVAL_OUT:-runs/tcga_survival_global_seed_main} --wandb_mode ${WANDB_MODE:-disabled} --epochs ${EPOCHS_TCGA_SURVIVAL:-20} --grad_accum ${GRAD_ACCUM_TCGA_SURVIVAL:-1} --base_lr ${LR_TCGA_SURVIVAL:-1e-4} --weight_decay ${WD_TCGA_SURVIVAL:-1e-5} --feature_root ${TCGA_FEATURE_ROOT:?set TCGA_FEATURE_ROOT} --feature_key ${TCGA_FEATURE_KEY:-features/uni_v2} --label_csv ${TCGA_SURVIVAL_LABEL_CSV:?set TCGA_SURVIVAL_LABEL_CSV}
paper_tcga_survival	UCEC	OS	baseline	Standard SA	43	0	0	not_applicable	tcga_survival_os_global_seed_main_ucec_baseline_s43	python -u slide_level_srp/train_survival.py --run_name tcga_survival_os_global_seed_main_ucec_baseline_s43 --cohort UCEC --endpoint OS --split_mode global_seed_holdout --global_seed 43 --seed 43 --neighbor_shuffle_seed 43 --n_folds 5 --ablation baseline --out_dir ${GATEDSRP_TCGA_SURVIVAL_OUT:-runs/tcga_survival_global_seed_main} --wandb_mode ${WANDB_MODE:-disabled} --epochs ${EPOCHS_TCGA_SURVIVAL:-20} --grad_accum ${GRAD_ACCUM_TCGA_SURVIVAL:-1} --base_lr ${LR_TCGA_SURVIVAL:-1e-4} --weight_decay ${WD_TCGA_SURVIVAL:-1e-5} --feature_root ${TCGA_FEATURE_ROOT:?set TCGA_FEATURE_ROOT} --feature_key ${TCGA_FEATURE_KEY:-features/uni_v2} --label_csv ${TCGA_SURVIVAL_LABEL_CSV:?set TCGA_SURVIVAL_LABEL_CSV}
paper_tcga_survival	UCEC	OS	baseline	Standard SA	44	0	0	not_applicable	tcga_survival_os_global_seed_main_ucec_baseline_s44	python -u slide_level_srp/train_survival.py --run_name tcga_survival_os_global_seed_main_ucec_baseline_s44 --cohort UCEC --endpoint OS --split_mode global_seed_holdout --global_seed 44 --seed 44 --neighbor_shuffle_seed 44 --n_folds 5 --ablation baseline --out_dir ${GATEDSRP_TCGA_SURVIVAL_OUT:-runs/tcga_survival_global_seed_main} --wandb_mode ${WANDB_MODE:-disabled} --epochs ${EPOCHS_TCGA_SURVIVAL:-20} --grad_accum ${GRAD_ACCUM_TCGA_SURVIVAL:-1} --base_lr ${LR_TCGA_SURVIVAL:-1e-4} --weight_decay ${WD_TCGA_SURVIVAL:-1e-5} --feature_root ${TCGA_FEATURE_ROOT:?set TCGA_FEATURE_ROOT} --feature_key ${TCGA_FEATURE_KEY:-features/uni_v2} --label_csv ${TCGA_SURVIVAL_LABEL_CSV:?set TCGA_SURVIVAL_LABEL_CSV}
paper_tcga_survival	UCEC	OS	baseline	Standard SA	45	0	0	not_applicable	tcga_survival_os_global_seed_main_ucec_baseline_s45	python -u slide_level_srp/train_survival.py --run_name tcga_survival_os_global_seed_main_ucec_baseline_s45 --cohort UCEC --endpoint OS --split_mode global_seed_holdout --global_seed 45 --seed 45 --neighbor_shuffle_seed 45 --n_folds 5 --ablation baseline --out_dir ${GATEDSRP_TCGA_SURVIVAL_OUT:-runs/tcga_survival_global_seed_main} --wandb_mode ${WANDB_MODE:-disabled} --epochs ${EPOCHS_TCGA_SURVIVAL:-20} --grad_accum ${GRAD_ACCUM_TCGA_SURVIVAL:-1} --base_lr ${LR_TCGA_SURVIVAL:-1e-4} --weight_decay ${WD_TCGA_SURVIVAL:-1e-5} --feature_root ${TCGA_FEATURE_ROOT:?set TCGA_FEATURE_ROOT} --feature_key ${TCGA_FEATURE_KEY:-features/uni_v2} --label_csv ${TCGA_SURVIVAL_LABEL_CSV:?set TCGA_SURVIVAL_LABEL_CSV}
paper_tcga_survival	UCEC	OS	baseline	Standard SA	46	0	0	not_applicable	tcga_survival_os_global_seed_main_ucec_baseline_s46	python -u slide_level_srp/train_survival.py --run_name tcga_survival_os_global_seed_main_ucec_baseline_s46 --cohort UCEC --endpoint OS --split_mode global_seed_holdout --global_seed 46 --seed 46 --neighbor_shuffle_seed 46 --n_folds 5 --ablation baseline --out_dir ${GATEDSRP_TCGA_SURVIVAL_OUT:-runs/tcga_survival_global_seed_main} --wandb_mode ${WANDB_MODE:-disabled} --epochs ${EPOCHS_TCGA_SURVIVAL:-20} --grad_accum ${GRAD_ACCUM_TCGA_SURVIVAL:-1} --base_lr ${LR_TCGA_SURVIVAL:-1e-4} --weight_decay ${WD_TCGA_SURVIVAL:-1e-5} --feature_root ${TCGA_FEATURE_ROOT:?set TCGA_FEATURE_ROOT} --feature_key ${TCGA_FEATURE_KEY:-features/uni_v2} --label_csv ${TCGA_SURVIVAL_LABEL_CSV:?set TCGA_SURVIVAL_LABEL_CSV}
paper_tcga_survival	UCEC	OS	diff_transformer	Differential Transformer	42			not_applicable	tcga_survival_os_global_seed_main_ucec_diff_transformer_s42	python -u slide_level_srp/train_survival.py --run_name tcga_survival_os_global_seed_main_ucec_diff_transformer_s42 --cohort UCEC --endpoint OS --split_mode global_seed_holdout --global_seed 42 --seed 42 --neighbor_shuffle_seed 42 --n_folds 5 --ablation diff_transformer --out_dir ${GATEDSRP_TCGA_SURVIVAL_OUT:-runs/tcga_survival_global_seed_main} --wandb_mode ${WANDB_MODE:-disabled} --epochs ${EPOCHS_TCGA_SURVIVAL:-20} --grad_accum ${GRAD_ACCUM_TCGA_SURVIVAL:-1} --base_lr ${LR_TCGA_SURVIVAL:-1e-4} --weight_decay ${WD_TCGA_SURVIVAL:-1e-5} --feature_root ${TCGA_FEATURE_ROOT:?set TCGA_FEATURE_ROOT} --feature_key ${TCGA_FEATURE_KEY:-features/uni_v2} --label_csv ${TCGA_SURVIVAL_LABEL_CSV:?set TCGA_SURVIVAL_LABEL_CSV}
paper_tcga_survival	UCEC	OS	diff_transformer	Differential Transformer	43			not_applicable	tcga_survival_os_global_seed_main_ucec_diff_transformer_s43	python -u slide_level_srp/train_survival.py --run_name tcga_survival_os_global_seed_main_ucec_diff_transformer_s43 --cohort UCEC --endpoint OS --split_mode global_seed_holdout --global_seed 43 --seed 43 --neighbor_shuffle_seed 43 --n_folds 5 --ablation diff_transformer --out_dir ${GATEDSRP_TCGA_SURVIVAL_OUT:-runs/tcga_survival_global_seed_main} --wandb_mode ${WANDB_MODE:-disabled} --epochs ${EPOCHS_TCGA_SURVIVAL:-20} --grad_accum ${GRAD_ACCUM_TCGA_SURVIVAL:-1} --base_lr ${LR_TCGA_SURVIVAL:-1e-4} --weight_decay ${WD_TCGA_SURVIVAL:-1e-5} --feature_root ${TCGA_FEATURE_ROOT:?set TCGA_FEATURE_ROOT} --feature_key ${TCGA_FEATURE_KEY:-features/uni_v2} --label_csv ${TCGA_SURVIVAL_LABEL_CSV:?set TCGA_SURVIVAL_LABEL_CSV}
paper_tcga_survival	UCEC	OS	diff_transformer	Differential Transformer	44			not_applicable	tcga_survival_os_global_seed_main_ucec_diff_transformer_s44	python -u slide_level_srp/train_survival.py --run_name tcga_survival_os_global_seed_main_ucec_diff_transformer_s44 --cohort UCEC --endpoint OS --split_mode global_seed_holdout --global_seed 44 --seed 44 --neighbor_shuffle_seed 44 --n_folds 5 --ablation diff_transformer --out_dir ${GATEDSRP_TCGA_SURVIVAL_OUT:-runs/tcga_survival_global_seed_main} --wandb_mode ${WANDB_MODE:-disabled} --epochs ${EPOCHS_TCGA_SURVIVAL:-20} --grad_accum ${GRAD_ACCUM_TCGA_SURVIVAL:-1} --base_lr ${LR_TCGA_SURVIVAL:-1e-4} --weight_decay ${WD_TCGA_SURVIVAL:-1e-5} --feature_root ${TCGA_FEATURE_ROOT:?set TCGA_FEATURE_ROOT} --feature_key ${TCGA_FEATURE_KEY:-features/uni_v2} --label_csv ${TCGA_SURVIVAL_LABEL_CSV:?set TCGA_SURVIVAL_LABEL_CSV}
paper_tcga_survival	UCEC	OS	diff_transformer	Differential Transformer	45			not_applicable	tcga_survival_os_global_seed_main_ucec_diff_transformer_s45	python -u slide_level_srp/train_survival.py --run_name tcga_survival_os_global_seed_main_ucec_diff_transformer_s45 --cohort UCEC --endpoint OS --split_mode global_seed_holdout --global_seed 45 --seed 45 --neighbor_shuffle_seed 45 --n_folds 5 --ablation diff_transformer --out_dir ${GATEDSRP_TCGA_SURVIVAL_OUT:-runs/tcga_survival_global_seed_main} --wandb_mode ${WANDB_MODE:-disabled} --epochs ${EPOCHS_TCGA_SURVIVAL:-20} --grad_accum ${GRAD_ACCUM_TCGA_SURVIVAL:-1} --base_lr ${LR_TCGA_SURVIVAL:-1e-4} --weight_decay ${WD_TCGA_SURVIVAL:-1e-5} --feature_root ${TCGA_FEATURE_ROOT:?set TCGA_FEATURE_ROOT} --feature_key ${TCGA_FEATURE_KEY:-features/uni_v2} --label_csv ${TCGA_SURVIVAL_LABEL_CSV:?set TCGA_SURVIVAL_LABEL_CSV}
paper_tcga_survival	UCEC	OS	diff_transformer	Differential Transformer	46			not_applicable	tcga_survival_os_global_seed_main_ucec_diff_transformer_s46	python -u slide_level_srp/train_survival.py --run_name tcga_survival_os_global_seed_main_ucec_diff_transformer_s46 --cohort UCEC --endpoint OS --split_mode global_seed_holdout --global_seed 46 --seed 46 --neighbor_shuffle_seed 46 --n_folds 5 --ablation diff_transformer --out_dir ${GATEDSRP_TCGA_SURVIVAL_OUT:-runs/tcga_survival_global_seed_main} --wandb_mode ${WANDB_MODE:-disabled} --epochs ${EPOCHS_TCGA_SURVIVAL:-20} --grad_accum ${GRAD_ACCUM_TCGA_SURVIVAL:-1} --base_lr ${LR_TCGA_SURVIVAL:-1e-4} --weight_decay ${WD_TCGA_SURVIVAL:-1e-5} --feature_root ${TCGA_FEATURE_ROOT:?set TCGA_FEATURE_ROOT} --feature_key ${TCGA_FEATURE_KEY:-features/uni_v2} --label_csv ${TCGA_SURVIVAL_LABEL_CSV:?set TCGA_SURVIVAL_LABEL_CSV}
paper_tcga_survival	UCEC	OS	gated_post_attention	Gated SRP (ours)	42	1.5	32	reported_paper_config	tcga_survival_os_global_seed_main_ucec_gated_post_attention_s42	python -u slide_level_srp/train_survival.py --run_name tcga_survival_os_global_seed_main_ucec_gated_post_attention_s42 --cohort UCEC --endpoint OS --split_mode global_seed_holdout --global_seed 42 --seed 42 --neighbor_shuffle_seed 42 --n_folds 5 --ablation srp_patch_signed_gated --out_dir ${GATEDSRP_TCGA_SURVIVAL_OUT:-runs/tcga_survival_global_seed_main} --wandb_mode ${WANDB_MODE:-disabled} --epochs ${EPOCHS_TCGA_SURVIVAL:-20} --grad_accum ${GRAD_ACCUM_TCGA_SURVIVAL:-1} --base_lr ${LR_TCGA_SURVIVAL:-1e-4} --weight_decay ${WD_TCGA_SURVIVAL:-1e-5} --feature_root ${TCGA_FEATURE_ROOT:?set TCGA_FEATURE_ROOT} --feature_key ${TCGA_FEATURE_KEY:-features/uni_v2} --delta_scale 1.5 --gate_hidden_dim 32 --gate_output_init zero --gate_activation tanh --gate_factorization full --label_csv ${TCGA_SURVIVAL_LABEL_CSV:?set TCGA_SURVIVAL_LABEL_CSV}
paper_tcga_survival	UCEC	OS	gated_post_attention	Gated SRP (ours)	43	1.5	32	reported_paper_config	tcga_survival_os_global_seed_main_ucec_gated_post_attention_s43	python -u slide_level_srp/train_survival.py --run_name tcga_survival_os_global_seed_main_ucec_gated_post_attention_s43 --cohort UCEC --endpoint OS --split_mode global_seed_holdout --global_seed 43 --seed 43 --neighbor_shuffle_seed 43 --n_folds 5 --ablation srp_patch_signed_gated --out_dir ${GATEDSRP_TCGA_SURVIVAL_OUT:-runs/tcga_survival_global_seed_main} --wandb_mode ${WANDB_MODE:-disabled} --epochs ${EPOCHS_TCGA_SURVIVAL:-20} --grad_accum ${GRAD_ACCUM_TCGA_SURVIVAL:-1} --base_lr ${LR_TCGA_SURVIVAL:-1e-4} --weight_decay ${WD_TCGA_SURVIVAL:-1e-5} --feature_root ${TCGA_FEATURE_ROOT:?set TCGA_FEATURE_ROOT} --feature_key ${TCGA_FEATURE_KEY:-features/uni_v2} --delta_scale 1.5 --gate_hidden_dim 32 --gate_output_init zero --gate_activation tanh --gate_factorization full --label_csv ${TCGA_SURVIVAL_LABEL_CSV:?set TCGA_SURVIVAL_LABEL_CSV}
paper_tcga_survival	UCEC	OS	gated_post_attention	Gated SRP (ours)	44	1.5	32	reported_paper_config	tcga_survival_os_global_seed_main_ucec_gated_post_attention_s44	python -u slide_level_srp/train_survival.py --run_name tcga_survival_os_global_seed_main_ucec_gated_post_attention_s44 --cohort UCEC --endpoint OS --split_mode global_seed_holdout --global_seed 44 --seed 44 --neighbor_shuffle_seed 44 --n_folds 5 --ablation srp_patch_signed_gated --out_dir ${GATEDSRP_TCGA_SURVIVAL_OUT:-runs/tcga_survival_global_seed_main} --wandb_mode ${WANDB_MODE:-disabled} --epochs ${EPOCHS_TCGA_SURVIVAL:-20} --grad_accum ${GRAD_ACCUM_TCGA_SURVIVAL:-1} --base_lr ${LR_TCGA_SURVIVAL:-1e-4} --weight_decay ${WD_TCGA_SURVIVAL:-1e-5} --feature_root ${TCGA_FEATURE_ROOT:?set TCGA_FEATURE_ROOT} --feature_key ${TCGA_FEATURE_KEY:-features/uni_v2} --delta_scale 1.5 --gate_hidden_dim 32 --gate_output_init zero --gate_activation tanh --gate_factorization full --label_csv ${TCGA_SURVIVAL_LABEL_CSV:?set TCGA_SURVIVAL_LABEL_CSV}
paper_tcga_survival	UCEC	OS	gated_post_attention	Gated SRP (ours)	45	1.5	32	reported_paper_config	tcga_survival_os_global_seed_main_ucec_gated_post_attention_s45	python -u slide_level_srp/train_survival.py --run_name tcga_survival_os_global_seed_main_ucec_gated_post_attention_s45 --cohort UCEC --endpoint OS --split_mode global_seed_holdout --global_seed 45 --seed 45 --neighbor_shuffle_seed 45 --n_folds 5 --ablation srp_patch_signed_gated --out_dir ${GATEDSRP_TCGA_SURVIVAL_OUT:-runs/tcga_survival_global_seed_main} --wandb_mode ${WANDB_MODE:-disabled} --epochs ${EPOCHS_TCGA_SURVIVAL:-20} --grad_accum ${GRAD_ACCUM_TCGA_SURVIVAL:-1} --base_lr ${LR_TCGA_SURVIVAL:-1e-4} --weight_decay ${WD_TCGA_SURVIVAL:-1e-5} --feature_root ${TCGA_FEATURE_ROOT:?set TCGA_FEATURE_ROOT} --feature_key ${TCGA_FEATURE_KEY:-features/uni_v2} --delta_scale 1.5 --gate_hidden_dim 32 --gate_output_init zero --gate_activation tanh --gate_factorization full --label_csv ${TCGA_SURVIVAL_LABEL_CSV:?set TCGA_SURVIVAL_LABEL_CSV}
paper_tcga_survival	UCEC	OS	gated_post_attention	Gated SRP (ours)	46	1.5	32	reported_paper_config	tcga_survival_os_global_seed_main_ucec_gated_post_attention_s46	python -u slide_level_srp/train_survival.py --run_name tcga_survival_os_global_seed_main_ucec_gated_post_attention_s46 --cohort UCEC --endpoint OS --split_mode global_seed_holdout --global_seed 46 --seed 46 --neighbor_shuffle_seed 46 --n_folds 5 --ablation srp_patch_signed_gated --out_dir ${GATEDSRP_TCGA_SURVIVAL_OUT:-runs/tcga_survival_global_seed_main} --wandb_mode ${WANDB_MODE:-disabled} --epochs ${EPOCHS_TCGA_SURVIVAL:-20} --grad_accum ${GRAD_ACCUM_TCGA_SURVIVAL:-1} --base_lr ${LR_TCGA_SURVIVAL:-1e-4} --weight_decay ${WD_TCGA_SURVIVAL:-1e-5} --feature_root ${TCGA_FEATURE_ROOT:?set TCGA_FEATURE_ROOT} --feature_key ${TCGA_FEATURE_KEY:-features/uni_v2} --delta_scale 1.5 --gate_hidden_dim 32 --gate_output_init zero --gate_activation tanh --gate_factorization full --label_csv ${TCGA_SURVIVAL_LABEL_CSV:?set TCGA_SURVIVAL_LABEL_CSV}
paper_tcga_survival	UCEC	OS	xsa_all_ref	XSA	42			not_applicable	tcga_survival_os_global_seed_main_ucec_xsa_all_ref_s42	python -u slide_level_srp/train_survival.py --run_name tcga_survival_os_global_seed_main_ucec_xsa_all_ref_s42 --cohort UCEC --endpoint OS --split_mode global_seed_holdout --global_seed 42 --seed 42 --neighbor_shuffle_seed 42 --n_folds 5 --ablation xsa_all_ref --out_dir ${GATEDSRP_TCGA_SURVIVAL_OUT:-runs/tcga_survival_global_seed_main} --wandb_mode ${WANDB_MODE:-disabled} --epochs ${EPOCHS_TCGA_SURVIVAL:-20} --grad_accum ${GRAD_ACCUM_TCGA_SURVIVAL:-1} --base_lr ${LR_TCGA_SURVIVAL:-1e-4} --weight_decay ${WD_TCGA_SURVIVAL:-1e-5} --feature_root ${TCGA_FEATURE_ROOT:?set TCGA_FEATURE_ROOT} --feature_key ${TCGA_FEATURE_KEY:-features/uni_v2} --label_csv ${TCGA_SURVIVAL_LABEL_CSV:?set TCGA_SURVIVAL_LABEL_CSV}
paper_tcga_survival	UCEC	OS	xsa_all_ref	XSA	43			not_applicable	tcga_survival_os_global_seed_main_ucec_xsa_all_ref_s43	python -u slide_level_srp/train_survival.py --run_name tcga_survival_os_global_seed_main_ucec_xsa_all_ref_s43 --cohort UCEC --endpoint OS --split_mode global_seed_holdout --global_seed 43 --seed 43 --neighbor_shuffle_seed 43 --n_folds 5 --ablation xsa_all_ref --out_dir ${GATEDSRP_TCGA_SURVIVAL_OUT:-runs/tcga_survival_global_seed_main} --wandb_mode ${WANDB_MODE:-disabled} --epochs ${EPOCHS_TCGA_SURVIVAL:-20} --grad_accum ${GRAD_ACCUM_TCGA_SURVIVAL:-1} --base_lr ${LR_TCGA_SURVIVAL:-1e-4} --weight_decay ${WD_TCGA_SURVIVAL:-1e-5} --feature_root ${TCGA_FEATURE_ROOT:?set TCGA_FEATURE_ROOT} --feature_key ${TCGA_FEATURE_KEY:-features/uni_v2} --label_csv ${TCGA_SURVIVAL_LABEL_CSV:?set TCGA_SURVIVAL_LABEL_CSV}
paper_tcga_survival	UCEC	OS	xsa_all_ref	XSA	44			not_applicable	tcga_survival_os_global_seed_main_ucec_xsa_all_ref_s44	python -u slide_level_srp/train_survival.py --run_name tcga_survival_os_global_seed_main_ucec_xsa_all_ref_s44 --cohort UCEC --endpoint OS --split_mode global_seed_holdout --global_seed 44 --seed 44 --neighbor_shuffle_seed 44 --n_folds 5 --ablation xsa_all_ref --out_dir ${GATEDSRP_TCGA_SURVIVAL_OUT:-runs/tcga_survival_global_seed_main} --wandb_mode ${WANDB_MODE:-disabled} --epochs ${EPOCHS_TCGA_SURVIVAL:-20} --grad_accum ${GRAD_ACCUM_TCGA_SURVIVAL:-1} --base_lr ${LR_TCGA_SURVIVAL:-1e-4} --weight_decay ${WD_TCGA_SURVIVAL:-1e-5} --feature_root ${TCGA_FEATURE_ROOT:?set TCGA_FEATURE_ROOT} --feature_key ${TCGA_FEATURE_KEY:-features/uni_v2} --label_csv ${TCGA_SURVIVAL_LABEL_CSV:?set TCGA_SURVIVAL_LABEL_CSV}
paper_tcga_survival	UCEC	OS	xsa_all_ref	XSA	45			not_applicable	tcga_survival_os_global_seed_main_ucec_xsa_all_ref_s45	python -u slide_level_srp/train_survival.py --run_name tcga_survival_os_global_seed_main_ucec_xsa_all_ref_s45 --cohort UCEC --endpoint OS --split_mode global_seed_holdout --global_seed 45 --seed 45 --neighbor_shuffle_seed 45 --n_folds 5 --ablation xsa_all_ref --out_dir ${GATEDSRP_TCGA_SURVIVAL_OUT:-runs/tcga_survival_global_seed_main} --wandb_mode ${WANDB_MODE:-disabled} --epochs ${EPOCHS_TCGA_SURVIVAL:-20} --grad_accum ${GRAD_ACCUM_TCGA_SURVIVAL:-1} --base_lr ${LR_TCGA_SURVIVAL:-1e-4} --weight_decay ${WD_TCGA_SURVIVAL:-1e-5} --feature_root ${TCGA_FEATURE_ROOT:?set TCGA_FEATURE_ROOT} --feature_key ${TCGA_FEATURE_KEY:-features/uni_v2} --label_csv ${TCGA_SURVIVAL_LABEL_CSV:?set TCGA_SURVIVAL_LABEL_CSV}
paper_tcga_survival	UCEC	OS	xsa_all_ref	XSA	46			not_applicable	tcga_survival_os_global_seed_main_ucec_xsa_all_ref_s46	python -u slide_level_srp/train_survival.py --run_name tcga_survival_os_global_seed_main_ucec_xsa_all_ref_s46 --cohort UCEC --endpoint OS --split_mode global_seed_holdout --global_seed 46 --seed 46 --neighbor_shuffle_seed 46 --n_folds 5 --ablation xsa_all_ref --out_dir ${GATEDSRP_TCGA_SURVIVAL_OUT:-runs/tcga_survival_global_seed_main} --wandb_mode ${WANDB_MODE:-disabled} --epochs ${EPOCHS_TCGA_SURVIVAL:-20} --grad_accum ${GRAD_ACCUM_TCGA_SURVIVAL:-1} --base_lr ${LR_TCGA_SURVIVAL:-1e-4} --weight_decay ${WD_TCGA_SURVIVAL:-1e-5} --feature_root ${TCGA_FEATURE_ROOT:?set TCGA_FEATURE_ROOT} --feature_key ${TCGA_FEATURE_KEY:-features/uni_v2} --label_csv ${TCGA_SURVIVAL_LABEL_CSV:?set TCGA_SURVIVAL_LABEL_CSV}
