dataset	dataset_label	method	method_label	seed	run_name	params_total	params_trainable	method_params	param_kind	artifact_variant	artifact_dataset	artifact_seed	map_macro	map_L1	map_L2	map_L3	map_weighted	f1	macro_f1	acc	auc	macro_auc	loss	nll	ece	calibration_mode	precision	recall	kappa_quad	kappa_lin	balanced_acc	binary_f1	binary_auc
cam16	CAMELYON16	baseline	NA	42	classification_cam16_baseline_s42	7723010	7723010	0	ab_params									0.961038961038961		0.9629629629629629	0.9914772727272728		0.24607252189404485	0.2460725360016416	0.045031129830589545	multiclass	0.9705882352941176	0.9545454545454546	not_applicable	not_applicable	not_applicable	not_applicable	not_applicable
cam16	CAMELYON16	baseline	NA	43	classification_cam16_baseline_s43	7723010	7723010	0	ab_params									0.9806797853309481		0.9814814814814815	1.0		0.0393945595607403	0.03939455955231882	0.017920934806780593	multiclass	0.9848484848484849	0.9772727272727273	not_applicable	not_applicable	not_applicable	not_applicable	not_applicable
cam16	CAMELYON16	baseline	NA	44	classification_cam16_baseline_s44	7723010	7723010	0	ab_params									0.9806797853309481		0.9814814814814815	0.9985795454545454		0.04332194935731995	0.04332195015360497	0.022940090863286543	multiclass	0.9848484848484849	0.9772727272727273	not_applicable	not_applicable	not_applicable	not_applicable	not_applicable
cam16	CAMELYON16	baseline	NA	45	classification_cam16_baseline_s45	7723010	7723010	0	ab_params									1.0		1.0	1.0		0.003589878089432777	0.0035898818109972963	0.0035680521711124458	multiclass	1.0	1.0	not_applicable	not_applicable	not_applicable	not_applicable	not_applicable
cam16	CAMELYON16	baseline	NA	46	classification_cam16_baseline_s46	7723010	7723010	0	ab_params									0.9428571428571428		0.9444444444444444	0.9971590909090909		0.18140383312830063	0.18140382860297544	0.039688337959387074	multiclass	0.9403927068723703	0.9460227272727273	not_applicable	not_applicable	not_applicable	not_applicable	not_applicable
cam16	CAMELYON16	xsa_all_ref	XSA	42	classification_cam16_xsa_all_ref_s42	7723010	7723010	0	ab_params									0.961038961038961		0.9629629629629629	0.9914772727272727		0.17663559970754217	0.17663559905656023	0.04435708706816315	multiclass	0.9705882352941176	0.9545454545454546	not_applicable	not_applicable	not_applicable	not_applicable	not_applicable
cam16	CAMELYON16	xsa_all_ref	XSA	43	classification_cam16_xsa_all_ref_s43	7723010	7723010	0	ab_params									0.9806797853309481		0.9814814814814815	1.0		0.0830957947063898	0.08309579404445255	0.015321318833323994	multiclass	0.9848484848484849	0.9772727272727273	not_applicable	not_applicable	not_applicable	not_applicable	not_applicable
cam16	CAMELYON16	xsa_all_ref	XSA	44	classification_cam16_xsa_all_ref_s44	7723010	7723010	0	ab_params									0.9616477272727273		0.9629629629629629	0.9985795454545454		0.0513913973608632	0.051391400751038145	0.030489344889743853	multiclass	0.9616477272727273	0.9616477272727273	not_applicable	not_applicable	not_applicable	not_applicable	not_applicable
cam16	CAMELYON16	xsa_all_ref	XSA	45	classification_cam16_xsa_all_ref_s45	7723010	7723010	0	ab_params									1.0		1.0	1.0		0.0028976781683956723	0.0028976838190779737	0.0028682586586809	multiclass	1.0	1.0	not_applicable	not_applicable	not_applicable	not_applicable	not_applicable
cam16	CAMELYON16	xsa_all_ref	XSA	46	classification_cam16_xsa_all_ref_s46	7723010	7723010	0	ab_params									0.9616477272727273		0.9629629629629629	0.9985795454545454		0.06686013885525798	0.06686014342210167	0.03641291176958094	multiclass	0.9616477272727273	0.9616477272727273	not_applicable	not_applicable	not_applicable	not_applicable	not_applicable
cam16	CAMELYON16	diff_transformer	Diff	42	classification_cam16_diff_transformer_s42	7718402	7718402	0	diff_params									0.9806797853309481		0.9814814814814815	0.9857954545454546		0.11972549331484414	0.11972549482421507	0.02156965298266846	multiclass	0.9848484848484849	0.9772727272727273	not_applicable	not_applicable	not_applicable	not_applicable	not_applicable
cam16	CAMELYON16	diff_transformer	Diff	43	classification_cam16_diff_transformer_s43	7718402	7718402	0	diff_params									1.0		1.0	1.0		0.005091228302464717	0.0050912222628538934	0.005051004585743812	multiclass	1.0	1.0	not_applicable	not_applicable	not_applicable	not_applicable	not_applicable
cam16	CAMELYON16	diff_transformer	Diff	44	classification_cam16_diff_transformer_s44	7718402	7718402	0	diff_params									1.0		1.0	1.0		0.005577086201541264	0.005577079784166662	0.005550076340811727	multiclass	1.0	1.0	not_applicable	not_applicable	not_applicable	not_applicable	not_applicable
cam16	CAMELYON16	diff_transformer	Diff	45	classification_cam16_diff_transformer_s45	7718402	7718402	0	diff_params									1.0		1.0	1.0		0.01191935454348654	0.011919359410586241	0.010294190605221633	multiclass	1.0	1.0	not_applicable	not_applicable	not_applicable	not_applicable	not_applicable
cam16	CAMELYON16	diff_transformer	Diff	46	classification_cam16_diff_transformer_s46	7718402	7718402	0	diff_params									0.9806797853309481		0.9814814814814815	1.0		0.048430364453923645	0.04843036002259664	0.017968578610248746	multiclass	0.9848484848484849	0.9772727272727273	not_applicable	not_applicable	not_applicable	not_applicable	not_applicable
cam16	CAMELYON16	gated_post_attention	Gated SRP	42	classification_cam16_gated_post_attention_s42	7723343	7723343	333	gate_params									0.9806797853309481		0.9814814814814815	0.9971590909090909		0.12085806883745438	0.12085807144541445	0.017175596737702525	multiclass	0.9848484848484849	0.9772727272727273	not_applicable	not_applicable	not_applicable	not_applicable	not_applicable
cam16	CAMELYON16	gated_post_attention	Gated SRP	43	classification_cam16_gated_post_attention_s43	7723343	7723343	333	gate_params									1.0		1.0	1.0		0.0018485350215255662	0.0018485364662995942	0.0018326753974849952	multiclass	1.0	1.0	not_applicable	not_applicable	not_applicable	not_applicable	not_applicable
cam16	CAMELYON16	gated_post_attention	Gated SRP	44	classification_cam16_gated_post_attention_s44	7723343	7723343	333	gate_params									0.9806797853309481		0.9814814814814815	0.9985795454545454		0.04236905022413272	0.042369046081762944	0.023146018680817997	multiclass	0.9848484848484849	0.9772727272727273	not_applicable	not_applicable	not_applicable	not_applicable	not_applicable
cam16	CAMELYON16	gated_post_attention	Gated SRP	45	classification_cam16_gated_post_attention_s45	7723343	7723343	333	gate_params									1.0		1.0	1.0		0.0015557475174621989	0.001555744298765277	0.0015529416145299013	multiclass	1.0	1.0	not_applicable	not_applicable	not_applicable	not_applicable	not_applicable
cam16	CAMELYON16	gated_post_attention	Gated SRP	46	classification_cam16_gated_post_attention_s46	7723343	7723343	333	gate_params									0.9428571428571428		0.9444444444444444	0.9971590909090909		0.18327741492086919	0.1832774145844033	0.039699142515795406	multiclass	0.9403927068723703	0.9460227272727273	not_applicable	not_applicable	not_applicable	not_applicable	not_applicable
cam17	CAMELYON17	baseline	NA	42	classification_cam17_baseline_s42	7723780	7723780	0	ab_params									0.7115430562623342		0.8888888888888888	0.9249747917266772		0.5553473210152746	0.5553473155184655	0.10307811233879852	multiclass	0.7319965017491254	0.7001358695652173	not_applicable	not_applicable	not_applicable	not_applicable	not_applicable
cam17	CAMELYON17	baseline	NA	43	classification_cam17_baseline_s43	7723780	7723780	0	ab_params									0.7693745039245083		0.91	0.9078803857069143		0.5072590618114918	0.5072590584872974	0.07465371637191724	multiclass	0.7674274255156608	0.779656862745098	not_applicable	not_applicable	not_applicable	not_applicable	not_applicable
cam17	CAMELYON17	baseline	NA	44	classification_cam17_baseline_s44	7723780	7723780	0	ab_params									0.8022131976014251		0.9393939393939394	0.9498851794757748		0.308795298532009	0.30879530151630225	0.06273547684737694	multiclass	0.8194444444444444	0.7971988795518207	not_applicable	not_applicable	not_applicable	not_applicable	not_applicable
cam17	CAMELYON17	baseline	NA	45	classification_cam17_baseline_s45	7723780	7723780	0	ab_params									0.820552648790059		0.91	0.9770827412569427		0.40487220618641007	0.404872209890014	0.08303927062894495	multiclass	0.7999851455733809	0.8615565185987721	not_applicable	not_applicable	not_applicable	not_applicable	not_applicable
cam17	CAMELYON17	baseline	NA	46	classification_cam17_baseline_s46	7723780	7723780	0	ab_params									0.8144991867714828		0.89	0.974990756161761		0.30966106184292586	0.30966105760982937	0.08053343117962489	multiclass	0.8197916666666667	0.8110404896421846	not_applicable	not_applicable	not_applicable	not_applicable	not_applicable
cam17	CAMELYON17	xsa_all_ref	XSA	42	classification_cam17_xsa_all_ref_s42	7723780	7723780	0	ab_params									0.6938459236458466		0.8787878787878788	0.896988984312415		0.4769750820764463	0.4769750758292509	0.10171231478376225	multiclass	0.7064012636538873	0.6845108695652173	not_applicable	not_applicable	not_applicable	not_applicable	not_applicable
cam17	CAMELYON17	xsa_all_ref	XSA	43	classification_cam17_xsa_all_ref_s43	7723780	7723780	0	ab_params									0.7349206349206349		0.89	0.9276553411436346		0.495024367372389	0.49502437609645483	0.09475946159043491	multiclass	0.7407131011608623	0.7551470588235294	not_applicable	not_applicable	not_applicable	not_applicable	not_applicable
cam17	CAMELYON17	xsa_all_ref	XSA	44	classification_cam17_xsa_all_ref_s44	7723780	7723780	0	ab_params									0.6759027158706762		0.9090909090909091	0.967312217250671		0.2554832102608575	0.2554832074828964	0.07278458987161424	multiclass	0.6652033730158731	0.6920168067226891	not_applicable	not_applicable	not_applicable	not_applicable	not_applicable
cam17	CAMELYON17	xsa_all_ref	XSA	45	classification_cam17_xsa_all_ref_s45	7723780	7723780	0	ab_params									0.8234499080937564		0.92	0.9637848492652776		0.3881362538551912	0.38813624945044334	0.12019210563462371	multiclass	0.8257554945054946	0.8493680028891297	not_applicable	not_applicable	not_applicable	not_applicable	not_applicable
cam17	CAMELYON17	xsa_all_ref	XSA	46	classification_cam17_xsa_all_ref_s46	7723780	7723780	0	ab_params									0.7427616501145913		0.86	0.9649151976658101		0.5786301642551552	0.5786301682175305	0.12027346954047344	multiclass	0.7995726495726495	0.7672904896421846	not_applicable	not_applicable	not_applicable	not_applicable	not_applicable
cam17	CAMELYON17	diff_transformer	Diff	42	classification_cam17_diff_transformer_s42	7719172	7719172	0	diff_params									0.7019708904664657		0.8686868686868687	0.9168966915048775		0.3973563915269092	0.39735639514383136	0.06679168818483636	multiclass	0.7312608847091606	0.7032608695652174	not_applicable	not_applicable	not_applicable	not_applicable	not_applicable
cam17	CAMELYON17	diff_transformer	Diff	43	classification_cam17_diff_transformer_s43	7719172	7719172	0	diff_params									0.7049683328841544		0.88	0.9202726642391406		0.5260905410104897	0.5260905497588021	0.10003051189895848	multiclass	0.704359243697479	0.7213235294117648	not_applicable	not_applicable	not_applicable	not_applicable	not_applicable
cam17	CAMELYON17	diff_transformer	Diff	44	classification_cam17_diff_transformer_s44	7719172	7719172	0	diff_params									0.7887876498914173		0.9292929292929293	0.9370707089233933		0.37589416488143146	0.37589417415546084	0.06669591089264375	multiclass	0.8110410830999066	0.7749299719887954	not_applicable	not_applicable	not_applicable	not_applicable	not_applicable
cam17	CAMELYON17	diff_transformer	Diff	45	classification_cam17_diff_transformer_s45	7719172	7719172	0	diff_params									0.8162569212783541		0.92	0.9541056935072569		0.30404838084010405	0.3040483798845488	0.05194156468826898	multiclass	0.8167169684775318	0.8278891296496931	not_applicable	not_applicable	not_applicable	not_applicable	not_applicable
cam17	CAMELYON17	diff_transformer	Diff	46	classification_cam17_diff_transformer_s46	7719172	7719172	0	diff_params									0.776768772024939		0.89	0.9232402669744977		0.3698859004676342	0.3698859049029521	0.07269533748493949	multiclass	0.8134615384615385	0.7493055555555556	not_applicable	not_applicable	not_applicable	not_applicable	not_applicable
cam17	CAMELYON17	gated_post_attention	Gated SRP	42	classification_cam17_gated_post_attention_s42	7724833	7724833	1053	gate_params									0.7383928571428572		0.8787878787878788	0.9175380077107651		0.5050424003192797	0.5050423957659688	0.09250465074748493	multiclass	0.7551754385964912	0.7299654150197629	not_applicable	not_applicable	not_applicable	not_applicable	not_applicable
cam17	CAMELYON17	gated_post_attention	Gated SRP	43	classification_cam17_gated_post_attention_s43	7724833	7724833	1053	gate_params									0.7810823754789272		0.91	0.9193980585655316		0.4952938599174377	0.49529384583258773	0.07937021279723475	multiclass	0.7730543710021323	0.796813725490196	not_applicable	not_applicable	not_applicable	not_applicable	not_applicable
cam17	CAMELYON17	gated_post_attention	Gated SRP	44	classification_cam17_gated_post_attention_s44	7724833	7724833	1053	gate_params									0.719066011235955		0.8888888888888888	0.9727723069717371		0.25121984134588127	0.25121984069275277	0.0523192778969495	multiclass	0.7188492063492063	0.7236694677871148	not_applicable	not_applicable	not_applicable	not_applicable	not_applicable
cam17	CAMELYON17	gated_post_attention	Gated SRP	45	classification_cam17_gated_post_attention_s45	7724833	7724833	1053	gate_params									0.793786565547129		0.91	0.9720976240900704		0.3994998796656728	0.3994998753757336	0.07050851340480263	multiclass	0.8250503018108652	0.8144275911881546	not_applicable	not_applicable	not_applicable	not_applicable	not_applicable
cam17	CAMELYON17	gated_post_attention	Gated SRP	46	classification_cam17_gated_post_attention_s46	7724833	7724833	1053	gate_params									0.8602395947984183		0.92	0.9700098407572733		0.35462768136407247	0.3546276968214786	0.07579268012283308	multiclass	0.87404676619517	0.8576388888888888	not_applicable	not_applicable	not_applicable	not_applicable	not_applicable
kgh	KGH	baseline	NA	42	classification_kgh_baseline_s42	7723780	7723780	0	ab_params									0.8429894123289421		0.8433734939759037	0.9601248291166868		0.6129882392313624	0.6129882443156143	0.1328391500561947	multiclass	0.843782219777085	0.8434123720390029	not_applicable	not_applicable	not_applicable	not_applicable	not_applicable
kgh	KGH	baseline	NA	43	classification_kgh_baseline_s43	7723780	7723780	0	ab_params									0.7484357960213862		0.7650602409638554	0.9627492332940959		0.5337777903236179	0.5337777894015708	0.10054682890642404	multiclass	0.8019641955483138	0.7606732639170246	not_applicable	not_applicable	not_applicable	not_applicable	not_applicable
kgh	KGH	baseline	NA	44	classification_kgh_baseline_s44	7723780	7723780	0	ab_params									0.8306499213358602		0.8313253012048193	0.9599754118262435		0.6963760222908648	0.6963760171776777	0.12697312264676017	multiclass	0.8355792057955922	0.8315138562515194	not_applicable	not_applicable	not_applicable	not_applicable	not_applicable
kgh	KGH	baseline	NA	45	classification_kgh_baseline_s45	7723780	7723780	0	ab_params									0.848206074868405		0.8493975903614458	0.9713618774176703		0.4213133271648941	0.4213133323250525	0.08000326803337277	multiclass	0.8549010513296227	0.847744476406558	not_applicable	not_applicable	not_applicable	not_applicable	not_applicable
kgh	KGH	baseline	NA	46	classification_kgh_baseline_s46	7723780	7723780	0	ab_params									0.8784360328326112		0.8795180722891566	0.9782035605446076		0.3852777912881764	0.38527778706306415	0.0877615197082342	multiclass	0.8784360964239013	0.87856518245415	not_applicable	not_applicable	not_applicable	not_applicable	not_applicable
kgh	KGH	xsa_all_ref	XSA	42	classification_kgh_xsa_all_ref_s42	7723780	7723780	0	ab_params									0.8371251752208204		0.8373493975903614	0.9608162679461968		0.6574673968225616	0.6574673872341648	0.12682906253323123	multiclass	0.8374601858719839	0.8371691245982227	not_applicable	not_applicable	not_applicable	not_applicable	not_applicable
kgh	KGH	xsa_all_ref	XSA	43	classification_kgh_xsa_all_ref_s43	7723780	7723780	0	ab_params									0.835860154294467		0.8373493975903614	0.9598162523717457		0.5213005998780592	0.5213006003522018	0.09001151574228249	multiclass	0.8509031392095908	0.8346845204332443	not_applicable	not_applicable	not_applicable	not_applicable	not_applicable
kgh	KGH	xsa_all_ref	XSA	44	classification_kgh_xsa_all_ref_s44	7723780	7723780	0	ab_params									0.8246132533923232		0.8253012048192772	0.9517681885628202		0.6410893178615068	0.6410893159229675	0.10764567405423522	multiclass	0.8305555555555555	0.8248288226237743	not_applicable	not_applicable	not_applicable	not_applicable	not_applicable
kgh	KGH	xsa_all_ref	XSA	45	classification_kgh_xsa_all_ref_s45	7723780	7723780	0	ab_params									0.8406816801471009		0.8433734939759037	0.9653363681730538		0.5405728454920408	0.5405728477727677	0.12048124882237017	multiclass	0.8546391910996374	0.8409132498717014	not_applicable	not_applicable	not_applicable	not_applicable	not_applicable
kgh	KGH	xsa_all_ref	XSA	46	classification_kgh_xsa_all_ref_s46	7723780	7723780	0	ab_params									0.8963963481024572		0.8975903614457831	0.9830562633036308		0.46560220329823104	0.46560220113953016	0.10514003107340836	multiclass	0.9024003131145988	0.8970455865272938	not_applicable	not_applicable	not_applicable	not_applicable	not_applicable
kgh	KGH	diff_transformer	Diff	42	classification_kgh_diff_transformer_s42	7719172	7719172	0	diff_params									0.8432306602355596		0.8433734939759037	0.9613800446336904		0.7277314092189702	0.7277314161407229	0.1425367791950149	multiclass	0.8444333210301058	0.8437167436458417	not_applicable	not_applicable	not_applicable	not_applicable	not_applicable
kgh	KGH	diff_transformer	Diff	43	classification_kgh_diff_transformer_s43	7719172	7719172	0	diff_params									0.8428010173094442		0.8433734939759037	0.9708361129190544		0.4147099777845756	0.41470997396258846	0.06533541616306077	multiclass	0.8517998990855686	0.8429337844042892	not_applicable	not_applicable	not_applicable	not_applicable	not_applicable
kgh	KGH	diff_transformer	Diff	44	classification_kgh_diff_transformer_s44	7719172	7719172	0	diff_params									0.8168399988575427		0.8192771084337349	0.9615059280935215		0.609576857613725	0.6095768550100393	0.11399927415494782	multiclass	0.8202006327006327	0.8187587783269858	not_applicable	not_applicable	not_applicable	not_applicable	not_applicable
kgh	KGH	diff_transformer	Diff	45	classification_kgh_diff_transformer_s45	7719172	7719172	0	diff_params									0.8480766370324603		0.8493975903614458	0.967215501973635		0.6236909560379517	0.6236909495986437	0.10537828666360637	multiclass	0.8506174598455647	0.848665356670178	not_applicable	not_applicable	not_applicable	not_applicable	not_applicable
kgh	KGH	diff_transformer	Diff	46	classification_kgh_diff_transformer_s46	7719172	7719172	0	diff_params									0.8845230741494505		0.8855421686746988	0.9830518238589845		0.44971814149421224	0.449718137675389	0.08998412259961497	multiclass	0.8865400648701165	0.8848291940145315	not_applicable	not_applicable	not_applicable	not_applicable	not_applicable
kgh	KGH	gated_post_attention	Gated SRP	42	classification_kgh_gated_post_attention_s42	7724833	7724833	1053	gate_params									0.8668487274081094		0.8674698795180723	0.9661835533651125		0.5447124843120978	0.5447124829029696	0.10915938721799026	multiclass	0.8676382088943289	0.8669517934797288	not_applicable	not_applicable	not_applicable	not_applicable	not_applicable
kgh	KGH	gated_post_attention	Gated SRP	43	classification_kgh_gated_post_attention_s43	7724833	7724833	1053	gate_params									0.8882650535352976		0.891566265060241	0.9802671571275514		0.39091367021354523	0.3909136673276169	0.08752921440829958	multiclass	0.8937080400116953	0.8895698282148934	not_applicable	not_applicable	not_applicable	not_applicable	not_applicable
kgh	KGH	gated_post_attention	Gated SRP	44	classification_kgh_gated_post_attention_s44	7724833	7724833	1053	gate_params									0.8112153745399941		0.8132530120481928	0.9602052259217534		0.8205617528036377	0.8205617445505965	0.1567312848994176	multiclass	0.8253783251159883	0.8139543324419956	not_applicable	not_applicable	not_applicable	not_applicable	not_applicable
kgh	KGH	gated_post_attention	Gated SRP	45	classification_kgh_gated_post_attention_s45	7724833	7724833	1053	gate_params									0.8268414346617083		0.8313253012048193	0.9647929374184427		0.5532768672298506	0.5532768670065129	0.09832638475206829	multiclass	0.8467592592592592	0.8282680698484726	not_applicable	not_applicable	not_applicable	not_applicable	not_applicable
kgh	KGH	gated_post_attention	Gated SRP	46	classification_kgh_gated_post_attention_s46	7724833	7724833	1053	gate_params									0.8787208942032224		0.8795180722891566	0.9762662952323446		0.43650570348626094	0.4365057093416546	0.07879841510209964	multiclass	0.8813189099230289	0.8793128595737785	not_applicable	not_applicable	not_applicable	not_applicable	not_applicable
bracs	BRACS	baseline	NA	42	classification_bracs_baseline_s42	7724935	7724935	0	ab_params									0.3892700880530624		0.5137614678899083	0.8357755663405567		2.0207149969347658	2.020714982267647	0.3511068536707198	multiclass	0.39349800526271117	0.39373289545703344	not_applicable	not_applicable	not_applicable	not_applicable	not_applicable
bracs	BRACS	baseline	NA	43	classification_bracs_baseline_s43	7724935	7724935	0	ab_params									0.3529877300063635		0.4954128440366973	0.8346994930523862		1.3853655698294793	1.3853655591972933	0.1780343733353499	multiclass	0.37260358688930123	0.3503663003663004	not_applicable	not_applicable	not_applicable	not_applicable	not_applicable
bracs	BRACS	baseline	NA	44	classification_bracs_baseline_s44	7724935	7724935	0	ab_params									0.4370305965487827		0.5909090909090909	0.8739751052335895		1.1495953540423547	1.1495953525712346	0.17938317096133144	multiclass	0.5603751087622055	0.44705821910255406	not_applicable	not_applicable	not_applicable	not_applicable	not_applicable
bracs	BRACS	baseline	NA	45	classification_bracs_baseline_s45	7724935	7724935	0	ab_params									0.5229265508816008		0.6055045871559633	0.8577858592686792		1.6121803070610783	1.6121802969397336	0.23289905642562964	multiclass	0.5309814202360786	0.5560744810744811	not_applicable	not_applicable	not_applicable	not_applicable	not_applicable
bracs	BRACS	baseline	NA	46	classification_bracs_baseline_s46	7724935	7724935	0	ab_params									0.38743021017930984		0.5137614678899083	0.833915047237373		1.8912347187010417	1.891234704713982	0.3273749245964108	multiclass	0.41092613992007315	0.3886639359545763	not_applicable	not_applicable	not_applicable	not_applicable	not_applicable
bracs	BRACS	xsa_all_ref	XSA	42	classification_bracs_xsa_all_ref_s42	7724935	7724935	0	ab_params									0.41768707482993195		0.5412844036697247	0.825632538090345		1.823265085538311	1.8232650848715053	0.29812987199249247	multiclass	0.43532688509647033	0.4131089217296114	not_applicable	not_applicable	not_applicable	not_applicable	not_applicable
bracs	BRACS	xsa_all_ref	XSA	43	classification_bracs_xsa_all_ref_s43	7724935	7724935	0	ab_params									0.3725324984404887		0.4954128440366973	0.822478102547693		1.799530965327328	1.7995309616087032	0.3297256246229611	multiclass	0.36259602466499014	0.3923076923076923	not_applicable	not_applicable	not_applicable	not_applicable	not_applicable
bracs	BRACS	xsa_all_ref	XSA	44	classification_bracs_xsa_all_ref_s44	7724935	7724935	0	ab_params									0.4545460874408243		0.6	0.8715249890590417		1.350543286671481	1.3505432757768714	0.20951184319778815	multiclass	0.4878183831672204	0.456613957106568	not_applicable	not_applicable	not_applicable	not_applicable	not_applicable
bracs	BRACS	xsa_all_ref	XSA	45	classification_bracs_xsa_all_ref_s45	7724935	7724935	0	ab_params									0.5086621315192744		0.6146788990825688	0.8556141203462582		1.5375969536653762	1.537596937638883	0.22145913350540128	multiclass	0.5155677655677656	0.5366300366300366	not_applicable	not_applicable	not_applicable	not_applicable	not_applicable
bracs	BRACS	xsa_all_ref	XSA	46	classification_bracs_xsa_all_ref_s46	7724935	7724935	0	ab_params									0.41079209856494686		0.5321100917431193	0.8372887484840081		1.693736473653773	1.693736469207695	0.2928698038396426	multiclass	0.5153830419802026	0.39851615270334484	not_applicable	not_applicable	not_applicable	not_applicable	not_applicable
bracs	BRACS	diff_transformer	Diff	42	classification_bracs_diff_transformer_s42	7720327	7720327	0	diff_params									0.41127549668127245		0.5321100917431193	0.8396436317142467		1.7893168649490956	1.789316855507572	0.3242649411318791	multiclass	0.4261494510084735	0.4115216201423098	not_applicable	not_applicable	not_applicable	not_applicable	not_applicable
bracs	BRACS	diff_transformer	Diff	43	classification_bracs_diff_transformer_s43	7720327	7720327	0	diff_params									0.36632228649035364		0.5045871559633027	0.7932188808350435		2.1959870571351754	2.195987052009308	0.35915658844946974	multiclass	0.3851932262266609	0.372985347985348	not_applicable	not_applicable	not_applicable	not_applicable	not_applicable
bracs	BRACS	diff_transformer	Diff	44	classification_bracs_diff_transformer_s44	7720327	7720327	0	diff_params									0.3831131934918751		0.5727272727272728	0.8825893832300109		1.271149050175551	1.2711490484051018	0.19566400781850227	multiclass	0.49525719378660554	0.3944882521237201	not_applicable	not_applicable	not_applicable	not_applicable	not_applicable
bracs	BRACS	diff_transformer	Diff	45	classification_bracs_diff_transformer_s45	7720327	7720327	0	diff_params									0.5066438483150073		0.6055045871559633	0.8440348036654411		1.6401555118014302	1.6401555077742183	0.2560582396201929	multiclass	0.49744144744144736	0.5461538461538461	not_applicable	not_applicable	not_applicable	not_applicable	not_applicable
bracs	BRACS	diff_transformer	Diff	46	classification_bracs_diff_transformer_s46	7720327	7720327	0	diff_params									0.269576549721012		0.46788990825688076	0.8030058685159567		1.8407220759625555	1.8407220799177584	0.3698105961120627	multiclass	0.2987012987012987	0.29233114996661796	not_applicable	not_applicable	not_applicable	not_applicable	not_applicable
bracs	BRACS	gated_post_attention	Gated SRP	42	classification_bracs_gated_post_attention_s42	7726948	7726948	2013	gate_params									0.3892700880530624		0.5137614678899083	0.8362095010760086		2.023887264251777	2.023887256589704	0.3509214133172456	multiclass	0.39349800526271117	0.39373289545703344	not_applicable	not_applicable	not_applicable	not_applicable	not_applicable
bracs	BRACS	gated_post_attention	Gated SRP	43	classification_bracs_gated_post_attention_s43	7726948	7726948	2013	gate_params									0.36795371640092134		0.5045871559633027	0.8342477506857827		1.3880422379791635	1.3880422261714902	0.16871415023166805	multiclass	0.38899196042053186	0.3646520146520147	not_applicable	not_applicable	not_applicable	not_applicable	not_applicable
bracs	BRACS	gated_post_attention	Gated SRP	44	classification_bracs_gated_post_attention_s44	7726948	7726948	2013	gate_params									0.5410176072157112		0.6545454545454545	0.8838866122532935		1.2540429505117408	1.2540429473381625	0.215395429536107	multiclass	0.6133426204854777	0.5459157108171887	not_applicable	not_applicable	not_applicable	not_applicable	not_applicable
bracs	BRACS	gated_post_attention	Gated SRP	45	classification_bracs_gated_post_attention_s45	7726948	7726948	2013	gate_params									0.5351161157027445		0.6146788990825688	0.8580913702726803		1.5991455584619227	1.5991455684850255	0.23352893023089563	multiclass	0.5476480869027452	0.5719474969474969	not_applicable	not_applicable	not_applicable	not_applicable	not_applicable
bracs	BRACS	gated_post_attention	Gated SRP	46	classification_bracs_gated_post_attention_s46	7726948	7726948	2013	gate_params									0.3787179487179487		0.5137614678899083	0.8144675484436904		2.2043357920435627	2.204335786359837	0.3988154051450131	multiclass	0.4214285714285714	0.37771702845594474	not_applicable	not_applicable	not_applicable	not_applicable	not_applicable
panda	PANDA	baseline	NA	42	classification_panda_transmil_baseline_s42	7724550	7724550	0	method_params									0.6912997368186855	0.6912997368186855	0.74234573716439	0.9043571428639573	0.9043571428639573	1.7215642686099508	1.7215642731626328	0.23590736533377987	multiclass			0.8676056110330842	0.7990641722619529	0.688927526971573	0.96875	0.9847644483264465
panda	PANDA	baseline	NA	43	classification_panda_transmil_baseline_s43	7724550	7724550	0	method_params									0.6845736584964656	0.6845736584964656	0.7305699481865285	0.93764278728173	0.93764278728173	0.7353339702945099	0.7353339650592333	0.07831661296596988	multiclass			0.8866930799554584	0.8078309920701668	0.6868708901745336	0.9703947368421053	0.9916417509322403
panda	PANDA	baseline	NA	44	classification_panda_transmil_baseline_s44	7724550	7724550	0	method_params									0.6672572456773173	0.6672572456773173	0.7263306641544983	0.9342139313659635	0.9342139313659635	0.7700893387498506	0.7700893351215266	0.07159062196233967	multiclass			0.883541232692889	0.803501943058558	0.6682578376715004	0.9678688524590164	0.9912218228239325
panda	PANDA	baseline	NA	45	classification_panda_transmil_baseline_s45	7724550	7724550	0	method_params									0.681501334682705	0.681501334682705	0.7333961375412152	0.9372185880852618	0.9372185880852618	0.7828874645074299	0.782887463639661	0.11118828369929162	multiclass			0.8936359208628233	0.8127956745957057	0.6791276120537426	0.9741745668519124	0.9889026998577843
panda	PANDA	baseline	NA	46	classification_panda_transmil_baseline_s46	7724550	7724550	0	method_params									0.7057033681139844	0.7057033681139844	0.7541215261422516	0.942844698933157	0.942844698933157	0.8293511582661536	0.8293511563302589	0.14160130010566332	multiclass			0.8792819151376662	0.8128796313152347	0.7011230718281126	0.9687191307211064	0.9909844234667025
panda	PANDA	xsa_all_ref	XSA	42	classification_panda_transmil_xsa_all_ref_s42	7724550	7724550	0	method_params									0.7095316596453752	0.7095316596453752	0.7611869995289684	0.9258672174842361	0.9258672174842361	1.3463096269957266	1.3463096256126885	0.20239484003984115	multiclass			0.8836413425793932	0.8180516241981557	0.7030857303464005	0.9725848563968669	0.9903377341799084
panda	PANDA	xsa_all_ref	XSA	43	classification_panda_transmil_xsa_all_ref_s43	7724550	7724550	0	method_params									0.6818467686050839	0.6818467686050839	0.7324540744229864	0.9264091811286437	0.9264091811286437	1.2079770345059067	1.207977031256389	0.20475739072332017	multiclass			0.8753348712697845	0.7988484348525338	0.6829707587863086	0.9714656290531777	0.985852342079036
panda	PANDA	xsa_all_ref	XSA	44	classification_panda_transmil_xsa_all_ref_s44	7724550	7724550	0	method_params									0.6761466889569645	0.6761466889569645	0.730098916627414	0.9265911585924077	0.9265911585924077	1.320614425736022	1.320614422789299	0.2207308915342021	multiclass			0.8840687310028947	0.8064113631948033	0.6791216481822354	0.9706074461136512	0.9872672198519614
panda	PANDA	xsa_all_ref	XSA	45	classification_panda_transmil_xsa_all_ref_s45	7724550	7724550	0	method_params									0.6673266154851726	0.6673266154851726	0.7272727272727273	0.9229835364088107	0.9229835364088107	1.2382136922591584	1.238213688919446	0.21226668773706645	multiclass			0.8826902173324602	0.802321825676849	0.6677564676688593	0.9713541666666666	0.9838932374777438
panda	PANDA	xsa_all_ref	XSA	46	classification_panda_transmil_xsa_all_ref_s46	7724550	7724550	0	method_params									0.6920064077564563	0.6920064077564563	0.7475270843146491	0.9424223625544793	0.9424223625544793	0.6721412297162774	0.6721412259770375	0.03588413973090046	multiclass			0.8797038590561906	0.8124260303369473	0.6894775233665632	0.9710144927536232	0.9910280959899666
panda	PANDA	diff_transformer	Diff	42	classification_panda_transmil_diff_transformer_s42	7719942	7719942	0	method_params									0.6588459630931959	0.6588459630931959	0.7220913801224682	0.9354570986749109	0.9354570986749109	0.7192337594641652	0.7192337568307531	0.06066120110017806	multiclass			0.8739890419456131	0.7949869256392712	0.6555077532575947	0.9665909828089523	0.9899821950482077
panda	PANDA	diff_transformer	Diff	43	classification_panda_transmil_diff_transformer_s43	7719942	7719942	0	method_params									0.670659001271832	0.670659001271832	0.7272727272727273	0.9362327504080081	0.9362327504080081	0.765832082188135	0.7658320791629599	0.09319799125903097	multiclass			0.8851066640969034	0.8022083595363003	0.6756429463530335	0.9722938144329897	0.9899004490431238
panda	PANDA	diff_transformer	Diff	44	classification_panda_transmil_diff_transformer_s44	7719942	7719942	0	method_params									0.689405787792857	0.689405787792857	0.7376354215732454	0.9316192847484066	0.9316192847484066	1.0367790505849517	1.036779049691521	0.18437532122121317	multiclass			0.8802617613126041	0.8079192037822965	0.6899061063523768	0.9694041867954911	0.9878120065844728
panda	PANDA	diff_transformer	Diff	45	classification_panda_transmil_diff_transformer_s45	7719942	7719942	0	method_params									0.6864236485258034	0.6864236485258034	0.7333961375412152	0.9297622691725097	0.9297622691725097	1.1308335274397558	1.1308335254298676	0.20015066967389158	multiclass			0.886814802904437	0.8092737815124074	0.6860613120095773	0.9692005242463958	0.987210669533376
panda	PANDA	diff_transformer	Diff	46	classification_panda_transmil_diff_transformer_s46	7719942	7719942	0	method_params									0.6879347717185107	0.6879347717185107	0.7404616109279322	0.9392636661284546	0.9392636661284546	0.8321340731864407	0.8321340721272038	0.13501216236749564	multiclass			0.88691452997966	0.8119229023649654	0.6945274214723153	0.968729641693811	0.9880639634494576
panda	PANDA	gated_post_attention	Gated SRP	42	classification_panda_transmil_gated_post_attention_s42	7724883	7724883	333	method_params									0.6943517293720967	0.6943517293720967	0.7550635892604804	0.932428818641751	0.932428818641751	0.9817237737412837	0.9817237735482532	0.15947149949684086	multiclass			0.8873432182296039	0.8172430654230102	0.690403861917504	0.9747292418772563	0.9903578907291072
panda	PANDA	gated_post_attention	Gated SRP	43	classification_panda_transmil_gated_post_attention_s43	7724883	7724883	333	method_params									0.7062009003777874	0.7062009003777874	0.7508243052284503	0.913165950530454	0.913165950530454	1.7580292951866496	1.7580292991203625	0.2287949810187556	multiclass			0.8802656358070898	0.8110789214118539	0.704004022442496	0.9710945112049366	0.9719320052407029
panda	PANDA	gated_post_attention	Gated SRP	44	classification_panda_transmil_gated_post_attention_s44	7724883	7724883	333	method_params									0.6718276908634758	0.6718276908634758	0.7291568535091851	0.9213500127370214	0.9213500127370214	1.4183342771066476	1.4183342748817769	0.22244623492611065	multiclass			0.8792032248930515	0.8011829652175212	0.6712533438965483	0.9696969696969697	0.9848383556735085
panda	PANDA	gated_post_attention	Gated SRP	45	classification_panda_transmil_gated_post_attention_s45	7724883	7724883	333	method_params									0.69184810836862	0.69184810836862	0.7456429580781913	0.9380063492277607	0.9380063492277607	0.7750395749141707	0.7750395714424978	0.10712586410622586	multiclass			0.8927900650115415	0.8171389095188657	0.6880674899704404	0.9735898271926965	0.9874587070693498
panda	PANDA	gated_post_attention	Gated SRP	46	classification_panda_transmil_gated_post_attention_s46	7724883	7724883	333	method_params									0.7017363170050882	0.7017363170050882	0.7498822421102214	0.9408418530733327	0.9408418530733327	0.8017856729351988	0.8017856721775006	0.11495013055977535	multiclass			0.8813576040226934	0.8117218128049861	0.6992033456156528	0.9701492537313433	0.9894430073571404
