experiment	cohort	endpoint	method	arm	seed	split_mode	global_seed	beta	gate_hidden_dim	selection_status	best_epoch	val_case_c_index	val_slide_c_index	val_loss	test_case_c_index	test_slide_c_index	test_loss	test_n_cases	test_n_events	train_cases	val_cases	test_cases	run_name
survival_tasks	KIRC	OS	NA	baseline	42	global_seed_holdout	42	0	0	not_applicable	13	0.7785123966942149	0.7810457516339869	2.1984513691916487	0.6957098628925255	0.6985830828681838	1.9752767976503467	105	36	351	55	105	survival_kirc_baseline_s42
survival_tasks	KIRC	OS	XSA	xsa_all_ref	42	global_seed_holdout	42			not_applicable	3	0.7702479338842976	0.7728758169934641	1.0779466250096448	0.7107474568774879	0.7157578359811078	1.3035810093134812	105	36	351	55	105	survival_kirc_xsa_all_ref_s42
survival_tasks	KIRC	OS	Diff	diff_transformer	42	global_seed_holdout	42			not_applicable	5	0.7586776859504132	0.761437908496732	1.2724424574283018	0.6957098628925255	0.7015886646629454	1.4560948504773694	105	36	351	55	105	survival_kirc_diff_transformer_s42
survival_tasks	KIRC	OS	NA	baseline	43	global_seed_holdout	43	0	0	not_applicable	14	0.7001569858712716	0.7001569858712716	2.3006406147443075	0.7787065552133744	0.7782589865742746	1.837280990683555	105	36	351	55	105	survival_kirc_baseline_s43
survival_tasks	KIRC	OS	XSA	xsa_all_ref	43	global_seed_holdout	43			not_applicable	16	0.7613814756671899	0.7613814756671899	2.3202861776369073	0.774307083150022	0.7730619315721091	1.5793378493752175	105	36	351	55	105	survival_kirc_xsa_all_ref_s43
survival_tasks	KIRC	OS	Diff	diff_transformer	43	global_seed_holdout	43			not_applicable	5	0.6985871271585558	0.6985871271585558	1.5924972043372692	0.7474703035635724	0.7449112169770463	1.606478312992895	105	36	351	55	105	survival_kirc_diff_transformer_s43
survival_tasks	KIRC	OS	NA	baseline	44	global_seed_holdout	44	0	0	not_applicable	6	0.7554076539101497	0.7554076539101497	1.6263774552954022	0.7249219794917521	0.7249219794917521	1.511757897685415	105	36	351	55	105	survival_kirc_baseline_s44
survival_tasks	KIRC	OS	XSA	xsa_all_ref	44	global_seed_holdout	44			not_applicable	13	0.7703826955074875	0.7703826955074875	2.516886129204861	0.7400802496656264	0.7400802496656264	1.9755698710222662	105	36	351	55	105	survival_kirc_xsa_all_ref_s44
survival_tasks	KIRC	OS	Diff	diff_transformer	44	global_seed_holdout	44			not_applicable	10	0.800332778702163	0.800332778702163	1.6109955287422053	0.7075345519393669	0.7075345519393669	1.8847077599333022	105	36	351	55	105	survival_kirc_diff_transformer_s44
survival_tasks	KIRC	OS	NA	baseline	45	global_seed_holdout	45	0	0	not_applicable	13	0.5643564356435643	0.5686274509803921	2.783787769746452	0.7194148936170213	0.7241977450130095	1.899708033478427	105	36	351	55	105	survival_kirc_baseline_s45
survival_tasks	KIRC	OS	XSA	xsa_all_ref	45	global_seed_holdout	45			not_applicable	18	0.6138613861386139	0.6176470588235294	3.026937755191874	0.7207446808510638	0.7211621856027753	2.1814600039170413	105	36	351	55	105	survival_kirc_xsa_all_ref_s45
survival_tasks	KIRC	OS	Diff	diff_transformer	45	global_seed_holdout	45			not_applicable	10	0.665016501650165	0.6683006535947712	2.0887031472704716	0.7814716312056738	0.7840416305290546	1.6794693849041893	105	36	351	55	105	survival_kirc_diff_transformer_s45
survival_tasks	KIRC	OS	NA	baseline	46	global_seed_holdout	46	0	0	not_applicable	11	0.81438127090301	0.81438127090301	1.8729586941761558	0.6362847222222222	0.6354700854700854	2.4157682298907774	105	36	351	55	105	survival_kirc_baseline_s46
survival_tasks	KIRC	OS	XSA	xsa_all_ref	46	global_seed_holdout	46			not_applicable	18	0.7274247491638796	0.7274247491638796	2.5291808874774935	0.6501736111111112	0.647008547008547	2.6893818604900996	105	36	351	55	105	survival_kirc_xsa_all_ref_s46
survival_tasks	KIRC	OS	Diff	diff_transformer	46	global_seed_holdout	46			not_applicable	1	0.7073578595317725	0.7073578595317725	1.6894978359680284	0.6881510416666666	0.6856837606837607	1.6551796039434608	105	36	351	55	105	survival_kirc_diff_transformer_s46
survival_tasks	KIRP	OS	NA	baseline	42	global_seed_holdout	42	0	0	not_applicable	2	0.974025974025974	0.9512195121951219	0.8812531219872957	0.8303249097472925	0.8622222222222222	1.0451536493970137	56	9	187	29	56	survival_kirp_baseline_s42
survival_tasks	KIRP	OS	XSA	xsa_all_ref	42	global_seed_holdout	42			not_applicable	3	0.948051948051948	0.9512195121951219	0.9921277529831666	0.8050541516245487	0.8377777777777777	0.9332744969209698	56	9	187	29	56	survival_kirp_xsa_all_ref_s42
survival_tasks	KIRP	OS	Diff	diff_transformer	42	global_seed_holdout	42			not_applicable	3	0.9090909090909091	0.9146341463414634	0.9418488354189322	0.7942238267148014	0.84	1.1849140538608154	56	9	187	29	56	survival_kirp_diff_transformer_s42
survival_tasks	KIRP	OS	NA	baseline	43	global_seed_holdout	43	0	0	not_applicable	1	0.8658536585365854	0.8674698795180723	0.8492574253274748	0.5291828793774319	0.5346534653465347	0.8948754275323856	56	9	187	29	56	survival_kirp_baseline_s43
survival_tasks	KIRP	OS	XSA	xsa_all_ref	43	global_seed_holdout	43			not_applicable	1	0.8536585365853658	0.8554216867469879	0.8484032881135742	0.5175097276264592	0.5544554455445545	0.8927652647620753	56	9	187	29	56	survival_kirp_xsa_all_ref_s43
survival_tasks	KIRP	OS	Diff	diff_transformer	43	global_seed_holdout	43			not_applicable	3	0.8048780487804879	0.8072289156626506	0.9996792457299307	0.7392996108949417	0.6963696369636964	0.8497226820694969	56	9	187	29	56	survival_kirp_diff_transformer_s43
survival_tasks	KIRP	OS	NA	baseline	44	global_seed_holdout	44	0	0	not_applicable	4	0.8717948717948718	0.8717948717948718	1.0482231987929294	0.7816091954022989	0.7881040892193308	0.9619415214391458	56	9	187	29	56	survival_kirp_baseline_s44
survival_tasks	KIRP	OS	XSA	xsa_all_ref	44	global_seed_holdout	44			not_applicable	4	0.9102564102564102	0.9102564102564102	1.0461533114169563	0.7279693486590039	0.7323420074349443	0.9405875416521571	56	9	187	29	56	survival_kirp_xsa_all_ref_s44
survival_tasks	KIRP	OS	Diff	diff_transformer	44	global_seed_holdout	44			not_applicable	4	0.8974358974358975	0.8974358974358975	0.9953551569768903	0.6781609195402298	0.6654275092936803	0.8498041415893424	56	9	187	29	56	survival_kirp_diff_transformer_s44
survival_tasks	KIRP	OS	NA	baseline	45	global_seed_holdout	45	0	0	not_applicable	4	0.9135802469135802	0.9083969465648855	1.360964300201064	0.6751824817518248	0.6702127659574468	0.9942124689274853	56	9	187	29	56	survival_kirp_baseline_s45
survival_tasks	KIRP	OS	XSA	xsa_all_ref	45	global_seed_holdout	45			not_applicable	3	0.7777777777777778	0.8473282442748091	1.0504661494896057	0.5948905109489051	0.5957446808510638	1.052112425936402	56	9	187	29	56	survival_kirp_xsa_all_ref_s45
survival_tasks	KIRP	OS	Diff	diff_transformer	45	global_seed_holdout	45			not_applicable	3	0.7777777777777778	0.8320610687022901	1.270512553927068	0.5620437956204379	0.5673758865248227	0.9185002456009709	56	9	187	29	56	survival_kirp_diff_transformer_s45
survival_tasks	KIRP	OS	NA	baseline	46	global_seed_holdout	46	0	0	not_applicable	2	0.96	0.85	1.2905233965368208	0.8070866141732284	0.8083623693379791	0.7325858246076677	56	9	187	29	56	survival_kirp_baseline_s46
survival_tasks	KIRP	OS	XSA	xsa_all_ref	46	global_seed_holdout	46			not_applicable	3	0.9333333333333333	0.66875	1.3755102161508561	0.7519685039370079	0.7700348432055749	0.8176960449054604	56	9	187	29	56	survival_kirp_xsa_all_ref_s46
survival_tasks	KIRP	OS	Diff	diff_transformer	46	global_seed_holdout	46			not_applicable	1	0.8933333333333333	0.91875	1.1559110138791078	0.7362204724409449	0.7038327526132404	0.7174473783525173	56	9	187	29	56	survival_kirp_diff_transformer_s46
survival_tasks	LUAD	OS	NA	baseline	42	global_seed_holdout	42	0	0	not_applicable	1	0.5558086560364465	0.5558086560364465	1.5506608373252675	0.5017261219792866	0.4855864811133201	1.5001006579105653	96	34	321	48	96	survival_luad_baseline_s42
survival_tasks	LUAD	OS	XSA	xsa_all_ref	42	global_seed_holdout	42			not_applicable	1	0.5876993166287016	0.5876993166287016	1.5465290059558658	0.4574223245109321	0.44433399602385687	1.4903612102267667	96	34	321	48	96	survival_luad_xsa_all_ref_s42
survival_tasks	LUAD	OS	Diff	diff_transformer	42	global_seed_holdout	42			not_applicable	7	0.6104783599088838	0.6104783599088838	2.1953050980640305	0.5716340621403913	0.5559145129224652	2.6081765156633545	96	34	321	48	96	survival_luad_diff_transformer_s42
survival_tasks	LUAD	OS	NA	baseline	43	global_seed_holdout	43	0	0	not_applicable	8	0.6444954128440367	0.6125827814569537	2.217335640718894	0.5885328836424958	0.5966981132075472	2.2772709692438857	96	34	321	48	96	survival_luad_baseline_s43
survival_tasks	LUAD	OS	XSA	xsa_all_ref	43	global_seed_holdout	43			not_applicable	12	0.6880733944954128	0.6501103752759382	2.6687430312145834	0.6082068577852726	0.622248427672956	2.6030730217885365	96	34	321	48	96	survival_luad_xsa_all_ref_s43
survival_tasks	LUAD	OS	Diff	diff_transformer	43	global_seed_holdout	43			not_applicable	6	0.7087155963302753	0.6710816777041942	2.346835047408517	0.5598650927487352	0.6029874213836478	2.0417737939240514	96	34	321	48	96	survival_luad_diff_transformer_s43
survival_tasks	LUAD	OS	NA	baseline	44	global_seed_holdout	44	0	0	not_applicable	4	0.6724537037037037	0.6727467811158798	1.7329344514012337	0.5887050770108385	0.5492771084337349	2.1862621288953554	96	34	321	48	96	survival_luad_baseline_s44
survival_tasks	LUAD	OS	XSA	xsa_all_ref	44	global_seed_holdout	44			not_applicable	7	0.6643518518518519	0.6652360515021459	2.0284655224648303	0.5613234455219623	0.48457831325301204	2.8383737497428365	96	34	321	48	96	survival_luad_xsa_all_ref_s44
survival_tasks	LUAD	OS	Diff	diff_transformer	44	global_seed_holdout	44			not_applicable	1	0.6805555555555556	0.6630901287553648	1.6200605770945549	0.4883057615516258	0.4014457831325301	2.1653438968963368	96	34	321	48	96	survival_luad_diff_transformer_s44
survival_tasks	LUAD	OS	NA	baseline	45	global_seed_holdout	45	0	0	not_applicable	8	0.6515837104072398	0.6239316239316239	2.0348350853740196	0.5671641791044776	0.5706006322444679	1.7818168901157159	96	34	321	48	96	survival_luad_baseline_s45
survival_tasks	LUAD	OS	XSA	xsa_all_ref	45	global_seed_holdout	45			not_applicable	1	0.6742081447963801	0.6419753086419753	1.7678666870663131	0.5722388059701492	0.565595363540569	1.635724809186736	96	34	321	48	96	survival_luad_xsa_all_ref_s45
survival_tasks	LUAD	OS	Diff	diff_transformer	45	global_seed_holdout	45			not_applicable	8	0.7149321266968326	0.7397910731244065	1.7829305687683055	0.6197014925373134	0.6159114857744995	2.027425112791756	96	34	321	48	96	survival_luad_diff_transformer_s45
survival_tasks	LUAD	OS	NA	baseline	46	global_seed_holdout	46	0	0	not_applicable	5	0.59375	0.5334158415841584	2.4189028043352487	0.5102272727272728	0.5475552578700603	2.1660911357155004	96	34	321	48	96	survival_luad_baseline_s46
survival_tasks	LUAD	OS	XSA	xsa_all_ref	46	global_seed_holdout	46			not_applicable	9	0.5528846153846154	0.530940594059406	2.7577367071428474	0.48011363636363635	0.565304755525787	3.8360130969605444	96	34	321	48	96	survival_luad_xsa_all_ref_s46
survival_tasks	LUAD	OS	Diff	diff_transformer	46	global_seed_holdout	46			not_applicable	1	0.6298076923076923	0.5445544554455446	1.981767342531032	0.5335227272727273	0.46249162759544543	1.9080240732541174	96	34	321	48	96	survival_luad_diff_transformer_s46
survival_tasks	STAD	OS	NA	baseline	42	global_seed_holdout	42	0	0	not_applicable	12	0.680306905370844	0.6867469879518072	2.918969535443466	0.6685358255451713	0.6666666666666666	2.6712281610985027	80	33	263	40	80	survival_stad_baseline_s42
survival_tasks	STAD	OS	XSA	xsa_all_ref	42	global_seed_holdout	42			not_applicable	13	0.6930946291560103	0.6939759036144578	3.412815200190553	0.6978193146417445	0.6981903093987157	2.993649594100397	80	33	263	40	80	survival_stad_xsa_all_ref_s42
survival_tasks	STAD	OS	Diff	diff_transformer	42	global_seed_holdout	42			not_applicable	11	0.659846547314578	0.672289156626506	3.1986115759251073	0.6878504672897197	0.6923525977816696	2.8728917649065577	80	33	263	40	80	survival_stad_diff_transformer_s42
survival_tasks	STAD	OS	NA	baseline	43	global_seed_holdout	43	0	0	not_applicable	9	0.7025	0.7014925373134329	2.5106694790248927	0.6372180451127819	0.6368547418967587	2.2525539378409682	80	33	263	40	80	survival_stad_baseline_s43
survival_tasks	STAD	OS	XSA	xsa_all_ref	43	global_seed_holdout	43			not_applicable	12	0.7225	0.7142857142857143	2.64913253462675	0.6372180451127819	0.6350540216086434	3.0176295619093296	80	33	263	40	80	survival_stad_xsa_all_ref_s43
survival_tasks	STAD	OS	Diff	diff_transformer	43	global_seed_holdout	43			not_applicable	8	0.6925	0.67590618336887	2.462004442143635	0.5889724310776943	0.5882352941176471	2.83460539135073	80	33	263	40	80	survival_stad_diff_transformer_s43
survival_tasks	STAD	OS	NA	baseline	44	global_seed_holdout	44	0	0	not_applicable	6	0.6886075949367089	0.6814159292035398	1.8828861379107937	0.594960049170252	0.5987963891675026	2.2088798435425825	80	33	263	40	80	survival_stad_baseline_s44
survival_tasks	STAD	OS	XSA	xsa_all_ref	44	global_seed_holdout	44			not_applicable	18	0.7215189873417721	0.7190265486725663	3.170370377125733	0.6213890596189305	0.6103309929789368	3.6997782178994876	80	33	263	40	80	survival_stad_xsa_all_ref_s44
survival_tasks	STAD	OS	Diff	diff_transformer	44	global_seed_holdout	44			not_applicable	15	0.6658227848101266	0.6703539823008849	2.729085311236748	0.5832821143208359	0.5707121364092277	3.494038374728855	80	33	263	40	80	survival_stad_diff_transformer_s44
survival_tasks	STAD	OS	NA	baseline	45	global_seed_holdout	45	0	0	not_applicable	14	0.6876574307304786	0.6934306569343066	2.9257008409313574	0.49748427672955975	0.5026968716289104	3.6304861689968257	80	33	263	40	80	survival_stad_baseline_s45
survival_tasks	STAD	OS	XSA	xsa_all_ref	45	global_seed_holdout	45			not_applicable	7	0.7204030226700252	0.7274939172749392	1.9413161702630133	0.4830188679245283	0.47950377562028046	2.2832125388955613	80	33	263	40	80	survival_stad_xsa_all_ref_s45
survival_tasks	STAD	OS	Diff	diff_transformer	45	global_seed_holdout	45			not_applicable	11	0.6624685138539043	0.6739659367396593	2.8067707873847767	0.5352201257861635	0.5204962243797195	3.0260190519148145	80	33	263	40	80	survival_stad_diff_transformer_s45
survival_tasks	STAD	OS	NA	baseline	46	global_seed_holdout	46	0	0	not_applicable	16	0.6217616580310881	0.6221662468513854	3.728797729395432	0.5568326947637292	0.5767543859649122	3.64165386302586	80	33	263	40	80	survival_stad_baseline_s46
survival_tasks	STAD	OS	XSA	xsa_all_ref	46	global_seed_holdout	46			not_applicable	16	0.5932642487046632	0.5944584382871536	4.279984458070852	0.5779054916985952	0.5910087719298246	3.651328186624471	80	33	263	40	80	survival_stad_xsa_all_ref_s46
survival_tasks	STAD	OS	Diff	diff_transformer	46	global_seed_holdout	46			not_applicable	3	0.5932642487046632	0.5944584382871536	2.076256715101985	0.5284163473818646	0.5370065789473685	2.030949386045465	80	33	263	40	80	survival_stad_diff_transformer_s46
survival_tasks	UCEC	OS	NA	baseline	42	global_seed_holdout	42	0	0	not_applicable	9	0.7941176470588235	0.7127659574468085	1.1642886793332374	0.6598360655737705	0.6627450980392157	1.1934343775983844	50	7	173	26	50	survival_ucec_baseline_s42
survival_tasks	UCEC	OS	XSA	xsa_all_ref	42	global_seed_holdout	42			not_applicable	5	0.8529411764705882	0.8617021276595744	1.0720436228917347	0.5409836065573771	0.5333333333333333	1.0764474014956957	50	7	173	26	50	survival_ucec_xsa_all_ref_s42
survival_tasks	UCEC	OS	Diff	diff_transformer	42	global_seed_holdout	42			not_applicable	16	0.7205882352941176	0.6063829787234043	1.622596696619699	0.5614754098360656	0.5607843137254902	1.127108152646677	50	7	173	26	50	survival_ucec_diff_transformer_s42
survival_tasks	UCEC	OS	NA	baseline	43	global_seed_holdout	43	0	0	not_applicable	1	0.75	0.7708333333333334	0.7469386753770684	0.6711711711711712	0.6323529411764706	0.8294369522394296	50	7	173	26	50	survival_ucec_baseline_s43
survival_tasks	UCEC	OS	XSA	xsa_all_ref	43	global_seed_holdout	43			not_applicable	13	0.7727272727272727	0.7708333333333334	1.014239478335467	0.6509009009009009	0.6121323529411765	1.1827442235585723	50	7	173	26	50	survival_ucec_xsa_all_ref_s43
survival_tasks	UCEC	OS	Diff	diff_transformer	43	global_seed_holdout	43			not_applicable	7	0.9090909090909091	0.9166666666666666	0.7949426512571116	0.7657657657657657	0.7169117647058824	1.051071180684716	50	7	173	26	50	survival_ucec_diff_transformer_s43
survival_tasks	UCEC	OS	NA	baseline	44	global_seed_holdout	44	0	0	not_applicable	2	0.7222222222222222	0.7383177570093458	0.9169470343077856	0.6525096525096525	0.6555555555555556	0.7736622977760047	50	7	173	26	50	survival_ucec_baseline_s44
survival_tasks	UCEC	OS	XSA	xsa_all_ref	44	global_seed_holdout	44			not_applicable	2	0.6805555555555556	0.719626168224299	0.91993840045536	0.6525096525096525	0.6481481481481481	0.7748367797511702	50	7	173	26	50	survival_ucec_xsa_all_ref_s44
survival_tasks	UCEC	OS	Diff	diff_transformer	44	global_seed_holdout	44			not_applicable	2	0.7361111111111112	0.6635514018691588	0.965954773143054	0.5907335907335908	0.6037037037037037	0.8246974940187871	50	7	173	26	50	survival_ucec_diff_transformer_s44
survival_tasks	UCEC	OS	NA	baseline	45	global_seed_holdout	45	0	0	not_applicable	6	0.9027777777777778	0.8083333333333333	0.7562612023523825	0.8092485549132948	0.7637130801687764	0.8828427568524992	50	7	173	26	50	survival_ucec_baseline_s45
survival_tasks	UCEC	OS	XSA	xsa_all_ref	45	global_seed_holdout	45			not_applicable	11	0.9027777777777778	0.775	1.2594023227213642	0.6011560693641619	0.5189873417721519	1.2619490923680132	50	7	173	26	50	survival_ucec_xsa_all_ref_s45
survival_tasks	UCEC	OS	Diff	diff_transformer	45	global_seed_holdout	45			not_applicable	6	0.8888888888888888	0.8083333333333333	0.871024648045105	0.6127167630057804	0.5485232067510548	0.8663797746454033	50	7	173	26	50	survival_ucec_diff_transformer_s45
survival_tasks	UCEC	OS	NA	baseline	46	global_seed_holdout	46	0	0	not_applicable	16	0.8	0.7142857142857143	1.1059676028763297	0.5854700854700855	0.5288135593220339	1.2756176085991187	50	7	173	26	50	survival_ucec_baseline_s46
survival_tasks	UCEC	OS	XSA	xsa_all_ref	46	global_seed_holdout	46			not_applicable	8	0.75	0.6883116883116883	1.026111836308027	0.6709401709401709	0.6711864406779661	1.1029729298157194	50	7	173	26	50	survival_ucec_xsa_all_ref_s46
survival_tasks	UCEC	OS	Diff	diff_transformer	46	global_seed_holdout	46			not_applicable	9	0.8166666666666667	0.7922077922077922	0.9450101029791834	0.7136752136752137	0.7152542372881356	1.0959151173644137	50	7	173	26	50	survival_ucec_diff_transformer_s46
survival_tasks	KIRC	OS	Gated SRP	gated_post_attention	42	global_seed_holdout	42	1.5	128	reported_paper_config	12	0.7652892561983471	0.7679738562091504	1.735712585701549	0.6678460858027422	0.6766852726492056	1.9279481975053043	105	36	351	55	105	survival_kirc_gated_post_attention_s42
survival_tasks	KIRC	OS	Gated SRP	gated_post_attention	43	global_seed_holdout	43	1.5	128	reported_paper_config	14	0.7095761381475667	0.7095761381475667	2.2289366218346087	0.7800263968323801	0.7799913382416631	1.8621569900602686	105	36	351	55	105	survival_kirc_gated_post_attention_s43
survival_tasks	KIRC	OS	Gated SRP	gated_post_attention	44	global_seed_holdout	44	1.5	128	reported_paper_config	12	0.7770382695507487	0.7770382695507487	2.0889775873828595	0.7307177886758806	0.7307177886758806	1.5533028885228781	105	36	351	55	105	survival_kirc_gated_post_attention_s44
survival_tasks	KIRC	OS	Gated SRP	gated_post_attention	45	global_seed_holdout	45	1.5	128	reported_paper_config	14	0.6006600660066007	0.6045751633986928	3.1016832022772483	0.7947695035460993	0.797918473547268	1.7370830356032847	105	36	351	55	105	survival_kirc_gated_post_attention_s45
survival_tasks	KIRC	OS	Gated SRP	gated_post_attention	46	global_seed_holdout	46	1.5	128	reported_paper_config	15	0.7023411371237458	0.7023411371237458	2.4873815866229547	0.6549479166666666	0.6521367521367522	2.5600658660799316	105	36	351	55	105	survival_kirc_gated_post_attention_s46
survival_tasks	KIRP	OS	Gated SRP	gated_post_attention	42	global_seed_holdout	42	2.0	32	reported_paper_config	2	0.961038961038961	0.9512195121951219	0.8801540894356246	0.8339350180505415	0.8622222222222222	1.0450913021532096	56	9	187	29	56	survival_kirp_gated_post_attention_s42
survival_tasks	KIRP	OS	Gated SRP	gated_post_attention	43	global_seed_holdout	43	2.0	32	reported_paper_config	5	0.8902439024390244	0.891566265060241	0.7440216192558485	0.6653696498054474	0.6006600660066007	1.3902651807528168	56	9	187	29	56	survival_kirp_gated_post_attention_s43
survival_tasks	KIRP	OS	Gated SRP	gated_post_attention	44	global_seed_holdout	44	2.0	32	reported_paper_config	4	0.8461538461538461	0.8461538461538461	1.034634944011361	0.8237547892720306	0.8252788104089219	0.9409553427861905	56	9	187	29	56	survival_kirp_gated_post_attention_s44
survival_tasks	KIRP	OS	Gated SRP	gated_post_attention	45	global_seed_holdout	45	2.0	32	reported_paper_config	4	0.8888888888888888	0.9007633587786259	1.3542086932274904	0.6897810218978102	0.6879432624113475	0.9738908096292891	56	9	187	29	56	survival_kirp_gated_post_attention_s45
survival_tasks	KIRP	OS	Gated SRP	gated_post_attention	46	global_seed_holdout	46	2.0	32	reported_paper_config	2	0.9466666666666667	0.85	1.293312433034633	0.8110236220472441	0.8083623693379791	0.733471501054737	56	9	187	29	56	survival_kirp_gated_post_attention_s46
survival_tasks	LUAD	OS	Gated SRP	gated_post_attention	42	global_seed_holdout	42	1.0	128	reported_paper_config	14	0.5626423690205011	0.5626423690205011	2.8388688013279	0.596662830840046	0.6043737574552683	3.0612362164842435	96	34	321	48	96	survival_luad_gated_post_attention_s42
survival_tasks	LUAD	OS	Gated SRP	gated_post_attention	43	global_seed_holdout	43	1.0	128	reported_paper_config	6	0.6422018348623854	0.6059602649006622	2.302461938064043	0.5919055649241147	0.5514937106918238	2.1378847625580937	96	34	321	48	96	survival_luad_gated_post_attention_s43
survival_tasks	LUAD	OS	Gated SRP	gated_post_attention	44	global_seed_holdout	44	1.0	128	reported_paper_config	7	0.6319444444444444	0.6330472103004292	1.850618058135733	0.5396463205932687	0.476144578313253	2.2564375768243163	96	34	321	48	96	survival_luad_gated_post_attention_s44
survival_tasks	LUAD	OS	Gated SRP	gated_post_attention	45	global_seed_holdout	45	1.0	128	reported_paper_config	4	0.6628959276018099	0.6258309591642925	1.6819329878139864	0.6543283582089552	0.6464699683877766	1.6789038692702456	96	34	321	48	96	survival_luad_gated_post_attention_s45
survival_tasks	LUAD	OS	Gated SRP	gated_post_attention	46	global_seed_holdout	46	1.0	128	reported_paper_config	9	0.5721153846153846	0.5495049504950495	2.868619628068465	0.5335227272727273	0.6068318821165438	3.8461031574921174	96	34	321	48	96	survival_luad_gated_post_attention_s46
survival_tasks	STAD	OS	Gated SRP	gated_post_attention	42	global_seed_holdout	42	0.5	128	reported_paper_config	16	0.7468030690537084	0.7566265060240964	3.5398660124091768	0.6965732087227414	0.688849970811442	3.17126923426977	80	33	263	40	80	survival_stad_gated_post_attention_s42
survival_tasks	STAD	OS	Gated SRP	gated_post_attention	43	global_seed_holdout	43	0.5	128	reported_paper_config	14	0.7425	0.7292110874200426	2.7887978973660874	0.6090225563909775	0.6044417767106842	3.0853510800954522	80	33	263	40	80	survival_stad_gated_post_attention_s43
survival_tasks	STAD	OS	Gated SRP	gated_post_attention	44	global_seed_holdout	44	0.5	128	reported_paper_config	17	0.7265822784810126	0.7079646017699115	3.3559655739694323	0.633681622618316	0.633901705115346	3.806536529800989	80	33	263	40	80	survival_stad_gated_post_attention_s44
survival_tasks	STAD	OS	Gated SRP	gated_post_attention	45	global_seed_holdout	45	0.5	128	reported_paper_config	11	0.672544080604534	0.681265206812652	3.1610065550156854	0.5974842767295597	0.593311758360302	2.8426580181159347	80	33	263	40	80	survival_stad_gated_post_attention_s45
survival_tasks	STAD	OS	Gated SRP	gated_post_attention	46	global_seed_holdout	46	0.5	128	reported_paper_config	9	0.5647668393782384	0.5692695214105793	2.3812501977535714	0.5485312899106003	0.5603070175438597	2.7852009272152003	80	33	263	40	80	survival_stad_gated_post_attention_s46
survival_tasks	UCEC	OS	Gated SRP	gated_post_attention	42	global_seed_holdout	42	1.5	32	reported_paper_config	5	0.7794117647058824	0.6914893617021277	1.168700549237006	0.6680327868852459	0.6784313725490196	0.9787021898917845	50	7	173	26	50	survival_ucec_gated_post_attention_s42
survival_tasks	UCEC	OS	Gated SRP	gated_post_attention	43	global_seed_holdout	43	1.5	32	reported_paper_config	12	0.9772727272727273	0.9791666666666666	1.0002159913946627	0.5990990990990991	0.5698529411764706	1.1395809584818088	50	7	173	26	50	survival_ucec_gated_post_attention_s43
survival_tasks	UCEC	OS	Gated SRP	gated_post_attention	44	global_seed_holdout	44	1.5	32	reported_paper_config	2	0.6944444444444444	0.7102803738317757	0.9169373411550036	0.6486486486486487	0.6518518518518519	0.7736531950873681	50	7	173	26	50	survival_ucec_gated_post_attention_s44
survival_tasks	UCEC	OS	Gated SRP	gated_post_attention	45	global_seed_holdout	45	1.5	32	reported_paper_config	6	0.8194444444444444	0.7416666666666667	1.057993438848026	0.7803468208092486	0.8143459915611815	0.9124216394525969	50	7	173	26	50	survival_ucec_gated_post_attention_s45
survival_tasks	UCEC	OS	Gated SRP	gated_post_attention	46	global_seed_holdout	46	1.5	32	reported_paper_config	7	0.7666666666666667	0.7272727272727273	1.0719340589820165	0.7905982905982906	0.7423728813559322	0.9421741693788631	50	7	173	26	50	survival_ucec_gated_post_attention_s46
